-- phpMyAdmin SQL Dump
-- version 4.9.2
-- https://www.phpmyadmin.net/
--
-- Host: 127.0.0.1:3306
-- Creato il: Gen 31, 2020 alle 20:08
-- Versione del server: 8.0.18
-- Versione PHP: 7.4.0

SET SQL_MODE = "NO_AUTO_VALUE_ON_ZERO";
SET AUTOCOMMIT = 0;
START TRANSACTION;
SET time_zone = "+00:00";


/*!40101 SET @OLD_CHARACTER_SET_CLIENT=@@CHARACTER_SET_CLIENT */;
/*!40101 SET @OLD_CHARACTER_SET_RESULTS=@@CHARACTER_SET_RESULTS */;
/*!40101 SET @OLD_COLLATION_CONNECTION=@@COLLATION_CONNECTION */;
/*!40101 SET NAMES utf8mb4 */;

--
-- Database: `laravel`
--

-- --------------------------------------------------------

--
-- Struttura della tabella `attendances`
--

DROP TABLE IF EXISTS `attendances`;
CREATE TABLE IF NOT EXISTS `attendances` (
  `id` bigint(20) UNSIGNED NOT NULL AUTO_INCREMENT,
  `entry_date` datetime NOT NULL,
  `exit_date` datetime DEFAULT NULL,
  `subject` varchar(50) COLLATE utf8mb4_unicode_ci NOT NULL,
  `classroom_id` bigint(20) UNSIGNED DEFAULT NULL,
  `user_id` bigint(20) UNSIGNED DEFAULT NULL,
  `confirmation` tinyint(1) NOT NULL,
  `created_at` timestamp NULL DEFAULT NULL,
  `updated_at` timestamp NULL DEFAULT NULL,
  PRIMARY KEY (`id`),
  KEY `attendances_classroom_id_foreign` (`classroom_id`),
  KEY `attendances_user_id_foreign` (`user_id`)
) ENGINE=InnoDB AUTO_INCREMENT=6 DEFAULT CHARSET=utf8mb4 COLLATE=utf8mb4_unicode_ci;

--
-- Dump dei dati per la tabella `attendances`
--

INSERT INTO `attendances` (`id`, `entry_date`, `exit_date`, `subject`, `classroom_id`, `user_id`, `confirmation`, `created_at`, `updated_at`) VALUES
(1, '2020-01-31 14:22:54', '2020-01-31 14:23:58', 'Laboratorio', 8, 1, 1, '2020-01-31 13:22:54', '2020-01-31 13:23:58'),
(2, '2020-01-31 18:48:26', '2020-01-31 19:04:15', 'Basi di dati', 9, 1, 1, '2020-01-31 17:48:26', '2020-01-31 18:04:15'),
(3, '2020-01-31 19:04:30', '2020-01-31 19:04:40', 'Laboratorio', 9, 1, 1, '2020-01-31 18:04:30', '2020-01-31 18:04:40'),
(4, '2020-01-31 19:04:51', '2020-01-31 19:05:16', 'Laboratorio', 9, 1, 1, '2020-01-31 18:04:51', '2020-01-31 18:05:16'),
(5, '2020-01-31 19:13:22', '2020-01-31 19:14:19', 'Laboratorio', 9, 1, 1, '2020-01-31 18:13:22', '2020-01-31 18:14:19');

-- --------------------------------------------------------

--
-- Struttura della tabella `buildings`
--

DROP TABLE IF EXISTS `buildings`;
CREATE TABLE IF NOT EXISTS `buildings` (
  `id` bigint(20) UNSIGNED NOT NULL AUTO_INCREMENT,
  `name` varchar(50) COLLATE utf8mb4_unicode_ci NOT NULL,
  `address` varchar(150) COLLATE utf8mb4_unicode_ci NOT NULL,
  `total_classrooms` int(11) NOT NULL,
  `created_at` timestamp NULL DEFAULT NULL,
  `updated_at` timestamp NULL DEFAULT NULL,
  PRIMARY KEY (`id`),
  UNIQUE KEY `buildings_name_unique` (`name`)
) ENGINE=InnoDB AUTO_INCREMENT=6 DEFAULT CHARSET=utf8mb4 COLLATE=utf8mb4_unicode_ci;

--
-- Dump dei dati per la tabella `buildings`
--

INSERT INTO `buildings` (`id`, `name`, `address`, `total_classrooms`, `created_at`, `updated_at`) VALUES
(1, 'Coppito 2', 'Via Vetoio 48', 100, '2020-01-30 14:28:35', '2020-01-30 14:28:35'),
(2, 'Coppito 1', 'Via Vetoio 49', 100, '2020-01-30 14:28:56', '2020-01-30 14:28:56'),
(5, 'Blocco 0', 'Via Vetoio 50', 50, '2020-01-31 18:14:54', '2020-01-31 18:14:54');

-- --------------------------------------------------------

--
-- Struttura della tabella `classrooms`
--

DROP TABLE IF EXISTS `classrooms`;
CREATE TABLE IF NOT EXISTS `classrooms` (
  `id` bigint(20) UNSIGNED NOT NULL AUTO_INCREMENT,
  `code` varchar(50) COLLATE utf8mb4_unicode_ci NOT NULL,
  `availability` enum('available','not available') COLLATE utf8mb4_unicode_ci NOT NULL,
  `type` enum('lesson','studying','work') COLLATE utf8mb4_unicode_ci NOT NULL,
  `capacity` int(11) NOT NULL,
  `state` enum('open','closed') COLLATE utf8mb4_unicode_ci NOT NULL,
  `building_id` bigint(20) UNSIGNED DEFAULT NULL,
  `floor` int(11) NOT NULL,
  `created_at` timestamp NULL DEFAULT NULL,
  `updated_at` timestamp NULL DEFAULT NULL,
  PRIMARY KEY (`id`),
  UNIQUE KEY `classrooms_code_unique` (`code`),
  KEY `classrooms_building_id_foreign` (`building_id`)
) ENGINE=InnoDB AUTO_INCREMENT=21 DEFAULT CHARSET=utf8mb4 COLLATE=utf8mb4_unicode_ci;

--
-- Dump dei dati per la tabella `classrooms`
--

INSERT INTO `classrooms` (`id`, `code`, `availability`, `type`, `capacity`, `state`, `building_id`, `floor`, `created_at`, `updated_at`) VALUES
(1, 'C1.9', 'available', 'lesson', 100, 'open', 1, 1, '2020-01-30 14:29:42', '2020-01-30 14:29:42'),
(2, 'C1.10', 'available', 'lesson', 100, 'open', 1, 1, '2020-01-30 14:29:54', '2020-01-30 14:29:54'),
(3, 'C1.12', 'available', 'lesson', 100, 'open', 1, 1, '2020-01-30 14:30:11', '2020-01-30 14:30:11'),
(4, 'C1.16', 'available', 'lesson', 70, 'open', 1, 1, '2020-01-30 14:30:30', '2020-01-30 14:30:30'),
(5, 'C2.10', 'available', 'lesson', 40, 'open', 1, 2, '2020-01-30 14:32:37', '2020-01-30 14:32:37'),
(6, 'C2.4', 'available', 'lesson', 40, 'open', 1, 2, '2020-01-30 14:33:04', '2020-01-30 14:33:04'),
(7, 'C2.5', 'available', 'lesson', 50, 'open', 1, 2, '2020-01-30 14:33:43', '2020-01-30 14:33:43'),
(8, '0.4', 'not available', 'lesson', 30, 'closed', 2, 1, '2020-01-30 14:35:05', '2020-01-31 17:44:50'),
(9, '1.2', 'available', 'lesson', 40, 'open', 2, 1, '2020-01-30 14:35:25', '2020-01-30 14:35:25'),
(10, '1.3', 'available', 'lesson', 40, 'open', 2, 1, '2020-01-30 14:35:41', '2020-01-30 14:35:41'),
(11, '1.4', 'not available', 'lesson', 100, 'closed', 2, 1, '2020-01-30 14:36:09', '2020-01-31 18:10:04'),
(18, 'C3.5', 'available', 'lesson', 100, 'open', 1, 1, '2020-01-30 15:32:00', '2020-01-30 15:32:00'),
(20, 'A1.7', 'available', 'lesson', 100, 'open', 5, 2, '2020-01-31 18:15:43', '2020-01-31 18:15:43');

-- --------------------------------------------------------

--
-- Struttura della tabella `classroom_reservations`
--

DROP TABLE IF EXISTS `classroom_reservations`;
CREATE TABLE IF NOT EXISTS `classroom_reservations` (
  `id` bigint(20) UNSIGNED NOT NULL AUTO_INCREMENT,
  `start_date` datetime NOT NULL,
  `end_date` datetime NOT NULL,
  `motivation` text COLLATE utf8mb4_unicode_ci NOT NULL,
  `state` enum('pending','accepted','refused') COLLATE utf8mb4_unicode_ci NOT NULL DEFAULT 'pending',
  `classroom_id` bigint(20) UNSIGNED NOT NULL,
  `user_id` bigint(20) UNSIGNED NOT NULL,
  `created_at` timestamp NULL DEFAULT NULL,
  `updated_at` timestamp NULL DEFAULT NULL,
  PRIMARY KEY (`id`),
  KEY `classroom_reservations_classroom_id_foreign` (`classroom_id`),
  KEY `classroom_reservations_user_id_foreign` (`user_id`)
) ENGINE=InnoDB AUTO_INCREMENT=4 DEFAULT CHARSET=utf8mb4 COLLATE=utf8mb4_unicode_ci;

--
-- Dump dei dati per la tabella `classroom_reservations`
--

INSERT INTO `classroom_reservations` (`id`, `start_date`, `end_date`, `motivation`, `state`, `classroom_id`, `user_id`, `created_at`, `updated_at`) VALUES
(1, '2020-01-01 00:00:00', '2020-01-01 00:00:00', 'Lezione', 'accepted', 8, 1, '2020-01-31 16:35:33', '2020-01-31 17:46:12'),
(2, '2020-02-03 10:30:00', '2020-02-03 12:30:00', 'Lezione di Basi di Dati', 'refused', 8, 1, '2020-01-31 17:45:48', '2020-01-31 17:46:15'),
(3, '2020-02-03 10:30:00', '2020-02-03 12:30:00', 'Lezione di Basi Di Dati', 'accepted', 10, 1, '2020-01-31 18:10:47', '2020-01-31 18:11:10');

-- --------------------------------------------------------

--
-- Struttura della tabella `failed_jobs`
--

DROP TABLE IF EXISTS `failed_jobs`;
CREATE TABLE IF NOT EXISTS `failed_jobs` (
  `id` bigint(20) UNSIGNED NOT NULL AUTO_INCREMENT,
  `connection` text COLLATE utf8mb4_unicode_ci NOT NULL,
  `queue` text COLLATE utf8mb4_unicode_ci NOT NULL,
  `payload` longtext COLLATE utf8mb4_unicode_ci NOT NULL,
  `exception` longtext COLLATE utf8mb4_unicode_ci NOT NULL,
  `failed_at` timestamp NOT NULL DEFAULT CURRENT_TIMESTAMP,
  PRIMARY KEY (`id`)
) ENGINE=InnoDB DEFAULT CHARSET=utf8mb4 COLLATE=utf8mb4_unicode_ci;

-- --------------------------------------------------------

--
-- Struttura della tabella `maps`
--

DROP TABLE IF EXISTS `maps`;
CREATE TABLE IF NOT EXISTS `maps` (
  `id` bigint(20) UNSIGNED NOT NULL AUTO_INCREMENT,
  `floor_map` varchar(200) COLLATE utf8mb4_unicode_ci NOT NULL,
  `floor` int(11) NOT NULL,
  `building_id` bigint(20) UNSIGNED DEFAULT NULL,
  `created_at` timestamp NULL DEFAULT NULL,
  `updated_at` timestamp NULL DEFAULT NULL,
  PRIMARY KEY (`id`),
  KEY `maps_building_id_foreign` (`building_id`)
) ENGINE=InnoDB AUTO_INCREMENT=7 DEFAULT CHARSET=utf8mb4 COLLATE=utf8mb4_unicode_ci;

-- --------------------------------------------------------

--
-- Struttura della tabella `migrations`
--

DROP TABLE IF EXISTS `migrations`;
CREATE TABLE IF NOT EXISTS `migrations` (
  `id` int(10) UNSIGNED NOT NULL AUTO_INCREMENT,
  `migration` varchar(255) COLLATE utf8mb4_unicode_ci NOT NULL,
  `batch` int(11) NOT NULL,
  PRIMARY KEY (`id`)
) ENGINE=InnoDB DEFAULT CHARSET=utf8mb4 COLLATE=utf8mb4_unicode_ci;

-- --------------------------------------------------------

--
-- Struttura della tabella `password_resets`
--

DROP TABLE IF EXISTS `password_resets`;
CREATE TABLE IF NOT EXISTS `password_resets` (
  `email` varchar(255) COLLATE utf8mb4_unicode_ci NOT NULL,
  `token` varchar(255) COLLATE utf8mb4_unicode_ci NOT NULL,
  `created_at` timestamp NULL DEFAULT NULL,
  KEY `password_resets_email_index` (`email`)
) ENGINE=InnoDB DEFAULT CHARSET=utf8mb4 COLLATE=utf8mb4_unicode_ci;

-- --------------------------------------------------------

--
-- Struttura della tabella `seats`
--

DROP TABLE IF EXISTS `seats`;
CREATE TABLE IF NOT EXISTS `seats` (
  `id` bigint(20) UNSIGNED NOT NULL AUTO_INCREMENT,
  `seat_number` int(11) NOT NULL,
  `availability` enum('free','occupied') COLLATE utf8mb4_unicode_ci DEFAULT 'free',
  `classroom_id` bigint(20) UNSIGNED NOT NULL,
  `created_at` timestamp NULL DEFAULT NULL,
  `updated_at` timestamp NULL DEFAULT NULL,
  PRIMARY KEY (`id`),
  KEY `seats_classroom_id_foreign` (`classroom_id`)
) ENGINE=InnoDB AUTO_INCREMENT=1012 DEFAULT CHARSET=utf8mb4 COLLATE=utf8mb4_unicode_ci;

--
-- Dump dei dati per la tabella `seats`
--

INSERT INTO `seats` (`id`, `seat_number`, `availability`, `classroom_id`, `created_at`, `updated_at`) VALUES
(1, 1, 'free', 1, '2020-01-30 14:29:42', '2020-01-30 14:29:42'),
(2, 2, 'free', 1, '2020-01-30 14:29:42', '2020-01-30 14:29:42'),
(3, 3, 'free', 1, '2020-01-30 14:29:42', '2020-01-30 14:29:42'),
(4, 4, 'free', 1, '2020-01-30 14:29:42', '2020-01-30 14:29:42'),
(5, 5, 'free', 1, '2020-01-30 14:29:42', '2020-01-30 14:29:42'),
(6, 6, 'free', 1, '2020-01-30 14:29:42', '2020-01-30 14:29:42'),
(7, 7, 'free', 1, '2020-01-30 14:29:42', '2020-01-30 14:29:42'),
(8, 8, 'free', 1, '2020-01-30 14:29:42', '2020-01-30 14:29:42'),
(9, 9, 'free', 1, '2020-01-30 14:29:42', '2020-01-30 14:29:42'),
(10, 10, 'free', 1, '2020-01-30 14:29:42', '2020-01-30 14:29:42'),
(11, 11, 'free', 1, '2020-01-30 14:29:42', '2020-01-30 14:29:42'),
(12, 12, 'free', 1, '2020-01-30 14:29:42', '2020-01-30 14:29:42'),
(13, 13, 'free', 1, '2020-01-30 14:29:42', '2020-01-30 14:29:42'),
(14, 14, 'free', 1, '2020-01-30 14:29:42', '2020-01-30 14:29:42'),
(15, 15, 'free', 1, '2020-01-30 14:29:42', '2020-01-30 14:29:42'),
(16, 16, 'free', 1, '2020-01-30 14:29:42', '2020-01-30 14:29:42'),
(17, 17, 'free', 1, '2020-01-30 14:29:42', '2020-01-30 14:29:42'),
(18, 18, 'free', 1, '2020-01-30 14:29:42', '2020-01-30 14:29:42'),
(19, 19, 'free', 1, '2020-01-30 14:29:42', '2020-01-30 14:29:42'),
(20, 20, 'free', 1, '2020-01-30 14:29:42', '2020-01-30 14:29:42'),
(21, 21, 'free', 1, '2020-01-30 14:29:42', '2020-01-30 14:29:42'),
(22, 22, 'free', 1, '2020-01-30 14:29:42', '2020-01-30 14:29:42'),
(23, 23, 'free', 1, '2020-01-30 14:29:42', '2020-01-30 14:29:42'),
(24, 24, 'free', 1, '2020-01-30 14:29:42', '2020-01-30 14:29:42'),
(25, 25, 'free', 1, '2020-01-30 14:29:42', '2020-01-30 14:29:42'),
(26, 26, 'free', 1, '2020-01-30 14:29:42', '2020-01-30 14:29:42'),
(27, 27, 'free', 1, '2020-01-30 14:29:42', '2020-01-30 14:29:42'),
(28, 28, 'free', 1, '2020-01-30 14:29:42', '2020-01-30 14:29:42'),
(29, 29, 'free', 1, '2020-01-30 14:29:42', '2020-01-30 14:29:42'),
(30, 30, 'free', 1, '2020-01-30 14:29:42', '2020-01-30 14:29:42'),
(31, 31, 'free', 1, '2020-01-30 14:29:42', '2020-01-30 14:29:42'),
(32, 32, 'free', 1, '2020-01-30 14:29:42', '2020-01-30 14:29:42'),
(33, 33, 'free', 1, '2020-01-30 14:29:42', '2020-01-30 14:29:42'),
(34, 34, 'free', 1, '2020-01-30 14:29:42', '2020-01-30 14:29:42'),
(35, 35, 'free', 1, '2020-01-30 14:29:42', '2020-01-30 14:29:42'),
(36, 36, 'free', 1, '2020-01-30 14:29:42', '2020-01-30 14:29:42'),
(37, 37, 'free', 1, '2020-01-30 14:29:42', '2020-01-30 14:29:42'),
(38, 38, 'free', 1, '2020-01-30 14:29:42', '2020-01-30 14:29:42'),
(39, 39, 'free', 1, '2020-01-30 14:29:42', '2020-01-30 14:29:42'),
(40, 40, 'free', 1, '2020-01-30 14:29:42', '2020-01-30 14:29:42'),
(41, 41, 'free', 1, '2020-01-30 14:29:42', '2020-01-30 14:29:42'),
(42, 42, 'free', 1, '2020-01-30 14:29:42', '2020-01-30 14:29:42'),
(43, 43, 'free', 1, '2020-01-30 14:29:42', '2020-01-30 14:29:42'),
(44, 44, 'free', 1, '2020-01-30 14:29:42', '2020-01-30 14:29:42'),
(45, 45, 'free', 1, '2020-01-30 14:29:42', '2020-01-30 14:29:42'),
(46, 46, 'free', 1, '2020-01-30 14:29:42', '2020-01-30 14:29:42'),
(47, 47, 'free', 1, '2020-01-30 14:29:42', '2020-01-30 14:29:42'),
(48, 48, 'free', 1, '2020-01-30 14:29:42', '2020-01-30 14:29:42'),
(49, 49, 'free', 1, '2020-01-30 14:29:42', '2020-01-30 14:29:42'),
(50, 50, 'free', 1, '2020-01-30 14:29:42', '2020-01-30 14:29:42'),
(51, 51, 'free', 1, '2020-01-30 14:29:42', '2020-01-30 14:29:42'),
(52, 52, 'free', 1, '2020-01-30 14:29:42', '2020-01-30 14:29:42'),
(53, 53, 'free', 1, '2020-01-30 14:29:42', '2020-01-30 14:29:42'),
(54, 54, 'free', 1, '2020-01-30 14:29:42', '2020-01-30 14:29:42'),
(55, 55, 'free', 1, '2020-01-30 14:29:42', '2020-01-30 14:29:42'),
(56, 56, 'free', 1, '2020-01-30 14:29:42', '2020-01-30 14:29:42'),
(57, 57, 'free', 1, '2020-01-30 14:29:42', '2020-01-30 14:29:42'),
(58, 58, 'free', 1, '2020-01-30 14:29:42', '2020-01-30 14:29:42'),
(59, 59, 'free', 1, '2020-01-30 14:29:42', '2020-01-30 14:29:42'),
(60, 60, 'free', 1, '2020-01-30 14:29:42', '2020-01-30 14:29:42'),
(61, 61, 'free', 1, '2020-01-30 14:29:42', '2020-01-30 14:29:42'),
(62, 62, 'free', 1, '2020-01-30 14:29:42', '2020-01-30 14:29:42'),
(63, 63, 'free', 1, '2020-01-30 14:29:42', '2020-01-30 14:29:42'),
(64, 64, 'free', 1, '2020-01-30 14:29:42', '2020-01-30 14:29:42'),
(65, 65, 'free', 1, '2020-01-30 14:29:42', '2020-01-30 14:29:42'),
(66, 66, 'free', 1, '2020-01-30 14:29:42', '2020-01-30 14:29:42'),
(67, 67, 'free', 1, '2020-01-30 14:29:42', '2020-01-30 14:29:42'),
(68, 68, 'free', 1, '2020-01-30 14:29:42', '2020-01-30 14:29:42'),
(69, 69, 'free', 1, '2020-01-30 14:29:42', '2020-01-30 14:29:42'),
(70, 70, 'free', 1, '2020-01-30 14:29:42', '2020-01-30 14:29:42'),
(71, 71, 'free', 1, '2020-01-30 14:29:42', '2020-01-30 14:29:42'),
(72, 72, 'free', 1, '2020-01-30 14:29:42', '2020-01-30 14:29:42'),
(73, 73, 'free', 1, '2020-01-30 14:29:42', '2020-01-30 14:29:42'),
(74, 74, 'free', 1, '2020-01-30 14:29:42', '2020-01-30 14:29:42'),
(75, 75, 'free', 1, '2020-01-30 14:29:42', '2020-01-30 14:29:42'),
(76, 76, 'free', 1, '2020-01-30 14:29:42', '2020-01-30 14:29:42'),
(77, 77, 'free', 1, '2020-01-30 14:29:42', '2020-01-30 14:29:42'),
(78, 78, 'free', 1, '2020-01-30 14:29:42', '2020-01-30 14:29:42'),
(79, 79, 'free', 1, '2020-01-30 14:29:42', '2020-01-30 14:29:42'),
(80, 80, 'free', 1, '2020-01-30 14:29:42', '2020-01-30 14:29:42'),
(81, 81, 'free', 1, '2020-01-30 14:29:42', '2020-01-30 14:29:42'),
(82, 82, 'free', 1, '2020-01-30 14:29:42', '2020-01-30 14:29:42'),
(83, 83, 'free', 1, '2020-01-30 14:29:42', '2020-01-30 14:29:42'),
(84, 84, 'free', 1, '2020-01-30 14:29:42', '2020-01-30 14:29:42'),
(85, 85, 'free', 1, '2020-01-30 14:29:42', '2020-01-30 14:29:42'),
(86, 86, 'free', 1, '2020-01-30 14:29:42', '2020-01-30 14:29:42'),
(87, 87, 'free', 1, '2020-01-30 14:29:42', '2020-01-30 14:29:42'),
(88, 88, 'free', 1, '2020-01-30 14:29:42', '2020-01-30 14:29:42'),
(89, 89, 'free', 1, '2020-01-30 14:29:42', '2020-01-30 14:29:42'),
(90, 90, 'free', 1, '2020-01-30 14:29:42', '2020-01-30 14:29:42'),
(91, 91, 'free', 1, '2020-01-30 14:29:42', '2020-01-30 14:29:42'),
(92, 92, 'free', 1, '2020-01-30 14:29:42', '2020-01-30 14:29:42'),
(93, 93, 'free', 1, '2020-01-30 14:29:42', '2020-01-30 14:29:42'),
(94, 94, 'free', 1, '2020-01-30 14:29:42', '2020-01-30 14:29:42'),
(95, 95, 'free', 1, '2020-01-30 14:29:42', '2020-01-30 14:29:42'),
(96, 96, 'free', 1, '2020-01-30 14:29:42', '2020-01-30 14:29:42'),
(97, 97, 'free', 1, '2020-01-30 14:29:42', '2020-01-30 14:29:42'),
(98, 98, 'free', 1, '2020-01-30 14:29:42', '2020-01-30 14:29:42'),
(99, 99, 'free', 1, '2020-01-30 14:29:42', '2020-01-30 14:29:42'),
(100, 100, 'free', 1, '2020-01-30 14:29:42', '2020-01-30 14:29:42'),
(101, 1, 'free', 2, '2020-01-30 14:29:54', '2020-01-30 14:29:54'),
(102, 2, 'free', 2, '2020-01-30 14:29:54', '2020-01-30 14:29:54'),
(103, 3, 'free', 2, '2020-01-30 14:29:54', '2020-01-30 14:29:54'),
(104, 4, 'free', 2, '2020-01-30 14:29:54', '2020-01-30 14:29:54'),
(105, 5, 'free', 2, '2020-01-30 14:29:54', '2020-01-30 14:29:54'),
(106, 6, 'free', 2, '2020-01-30 14:29:54', '2020-01-30 14:29:54'),
(107, 7, 'free', 2, '2020-01-30 14:29:54', '2020-01-30 14:29:54'),
(108, 8, 'free', 2, '2020-01-30 14:29:54', '2020-01-30 14:29:54'),
(109, 9, 'free', 2, '2020-01-30 14:29:54', '2020-01-30 14:29:54'),
(110, 10, 'free', 2, '2020-01-30 14:29:54', '2020-01-30 14:29:54'),
(111, 11, 'free', 2, '2020-01-30 14:29:54', '2020-01-30 14:29:54'),
(112, 12, 'free', 2, '2020-01-30 14:29:54', '2020-01-30 14:29:54'),
(113, 13, 'free', 2, '2020-01-30 14:29:54', '2020-01-30 14:29:54'),
(114, 14, 'free', 2, '2020-01-30 14:29:54', '2020-01-30 14:29:54'),
(115, 15, 'free', 2, '2020-01-30 14:29:54', '2020-01-30 14:29:54'),
(116, 16, 'free', 2, '2020-01-30 14:29:54', '2020-01-30 14:29:54'),
(117, 17, 'free', 2, '2020-01-30 14:29:54', '2020-01-30 14:29:54'),
(118, 18, 'free', 2, '2020-01-30 14:29:54', '2020-01-30 14:29:54'),
(119, 19, 'free', 2, '2020-01-30 14:29:54', '2020-01-30 14:29:54'),
(120, 20, 'free', 2, '2020-01-30 14:29:54', '2020-01-30 14:29:54'),
(121, 21, 'free', 2, '2020-01-30 14:29:54', '2020-01-30 14:29:54'),
(122, 22, 'free', 2, '2020-01-30 14:29:54', '2020-01-30 14:29:54'),
(123, 23, 'free', 2, '2020-01-30 14:29:54', '2020-01-30 14:29:54'),
(124, 24, 'free', 2, '2020-01-30 14:29:54', '2020-01-30 14:29:54'),
(125, 25, 'free', 2, '2020-01-30 14:29:54', '2020-01-30 14:29:54'),
(126, 26, 'free', 2, '2020-01-30 14:29:54', '2020-01-30 14:29:54'),
(127, 27, 'free', 2, '2020-01-30 14:29:54', '2020-01-30 14:29:54'),
(128, 28, 'free', 2, '2020-01-30 14:29:54', '2020-01-30 14:29:54'),
(129, 29, 'free', 2, '2020-01-30 14:29:54', '2020-01-30 14:29:54'),
(130, 30, 'free', 2, '2020-01-30 14:29:54', '2020-01-30 14:29:54'),
(131, 31, 'free', 2, '2020-01-30 14:29:54', '2020-01-30 14:29:54'),
(132, 32, 'free', 2, '2020-01-30 14:29:54', '2020-01-30 14:29:54'),
(133, 33, 'free', 2, '2020-01-30 14:29:54', '2020-01-30 14:29:54'),
(134, 34, 'free', 2, '2020-01-30 14:29:54', '2020-01-30 14:29:54'),
(135, 35, 'free', 2, '2020-01-30 14:29:54', '2020-01-30 14:29:54'),
(136, 36, 'free', 2, '2020-01-30 14:29:54', '2020-01-30 14:29:54'),
(137, 37, 'free', 2, '2020-01-30 14:29:54', '2020-01-30 14:29:54'),
(138, 38, 'free', 2, '2020-01-30 14:29:54', '2020-01-30 14:29:54'),
(139, 39, 'free', 2, '2020-01-30 14:29:54', '2020-01-30 14:29:54'),
(140, 40, 'free', 2, '2020-01-30 14:29:54', '2020-01-30 14:29:54'),
(141, 41, 'free', 2, '2020-01-30 14:29:54', '2020-01-30 14:29:54'),
(142, 42, 'free', 2, '2020-01-30 14:29:54', '2020-01-30 14:29:54'),
(143, 43, 'free', 2, '2020-01-30 14:29:54', '2020-01-30 14:29:54'),
(144, 44, 'free', 2, '2020-01-30 14:29:54', '2020-01-30 14:29:54'),
(145, 45, 'free', 2, '2020-01-30 14:29:54', '2020-01-30 14:29:54'),
(146, 46, 'free', 2, '2020-01-30 14:29:54', '2020-01-30 14:29:54'),
(147, 47, 'free', 2, '2020-01-30 14:29:54', '2020-01-30 14:29:54'),
(148, 48, 'free', 2, '2020-01-30 14:29:54', '2020-01-30 14:29:54'),
(149, 49, 'free', 2, '2020-01-30 14:29:54', '2020-01-30 14:29:54'),
(150, 50, 'free', 2, '2020-01-30 14:29:54', '2020-01-30 14:29:54'),
(151, 51, 'free', 2, '2020-01-30 14:29:54', '2020-01-30 14:29:54'),
(152, 52, 'free', 2, '2020-01-30 14:29:54', '2020-01-30 14:29:54'),
(153, 53, 'free', 2, '2020-01-30 14:29:54', '2020-01-30 14:29:54'),
(154, 54, 'free', 2, '2020-01-30 14:29:54', '2020-01-30 14:29:54'),
(155, 55, 'free', 2, '2020-01-30 14:29:54', '2020-01-30 14:29:54'),
(156, 56, 'free', 2, '2020-01-30 14:29:54', '2020-01-30 14:29:54'),
(157, 57, 'free', 2, '2020-01-30 14:29:54', '2020-01-30 14:29:54'),
(158, 58, 'free', 2, '2020-01-30 14:29:54', '2020-01-30 14:29:54'),
(159, 59, 'free', 2, '2020-01-30 14:29:54', '2020-01-30 14:29:54'),
(160, 60, 'free', 2, '2020-01-30 14:29:54', '2020-01-30 14:29:54'),
(161, 61, 'free', 2, '2020-01-30 14:29:54', '2020-01-30 14:29:54'),
(162, 62, 'free', 2, '2020-01-30 14:29:54', '2020-01-30 14:29:54'),
(163, 63, 'free', 2, '2020-01-30 14:29:54', '2020-01-30 14:29:54'),
(164, 64, 'free', 2, '2020-01-30 14:29:54', '2020-01-30 14:29:54'),
(165, 65, 'free', 2, '2020-01-30 14:29:54', '2020-01-30 14:29:54'),
(166, 66, 'free', 2, '2020-01-30 14:29:54', '2020-01-30 14:29:54'),
(167, 67, 'free', 2, '2020-01-30 14:29:54', '2020-01-30 14:29:54'),
(168, 68, 'free', 2, '2020-01-30 14:29:54', '2020-01-30 14:29:54'),
(169, 69, 'free', 2, '2020-01-30 14:29:54', '2020-01-30 14:29:54'),
(170, 70, 'free', 2, '2020-01-30 14:29:54', '2020-01-30 14:29:54'),
(171, 71, 'free', 2, '2020-01-30 14:29:54', '2020-01-30 14:29:54'),
(172, 72, 'free', 2, '2020-01-30 14:29:54', '2020-01-30 14:29:54'),
(173, 73, 'free', 2, '2020-01-30 14:29:54', '2020-01-30 14:29:54'),
(174, 74, 'free', 2, '2020-01-30 14:29:54', '2020-01-30 14:29:54'),
(175, 75, 'free', 2, '2020-01-30 14:29:54', '2020-01-30 14:29:54'),
(176, 76, 'free', 2, '2020-01-30 14:29:54', '2020-01-30 14:29:54'),
(177, 77, 'free', 2, '2020-01-30 14:29:54', '2020-01-30 14:29:54'),
(178, 78, 'free', 2, '2020-01-30 14:29:54', '2020-01-30 14:29:54'),
(179, 79, 'free', 2, '2020-01-30 14:29:54', '2020-01-30 14:29:54'),
(180, 80, 'free', 2, '2020-01-30 14:29:54', '2020-01-30 14:29:54'),
(181, 81, 'free', 2, '2020-01-30 14:29:54', '2020-01-30 14:29:54'),
(182, 82, 'free', 2, '2020-01-30 14:29:54', '2020-01-30 14:29:54'),
(183, 83, 'free', 2, '2020-01-30 14:29:54', '2020-01-30 14:29:54'),
(184, 84, 'free', 2, '2020-01-30 14:29:54', '2020-01-30 14:29:54'),
(185, 85, 'free', 2, '2020-01-30 14:29:54', '2020-01-30 14:29:54'),
(186, 86, 'free', 2, '2020-01-30 14:29:54', '2020-01-30 14:29:54'),
(187, 87, 'free', 2, '2020-01-30 14:29:54', '2020-01-30 14:29:54'),
(188, 88, 'free', 2, '2020-01-30 14:29:54', '2020-01-30 14:29:54'),
(189, 89, 'free', 2, '2020-01-30 14:29:54', '2020-01-30 14:29:54'),
(190, 90, 'free', 2, '2020-01-30 14:29:54', '2020-01-30 14:29:54'),
(191, 91, 'free', 2, '2020-01-30 14:29:54', '2020-01-30 14:29:54'),
(192, 92, 'free', 2, '2020-01-30 14:29:54', '2020-01-30 14:29:54'),
(193, 93, 'free', 2, '2020-01-30 14:29:54', '2020-01-30 14:29:54'),
(194, 94, 'free', 2, '2020-01-30 14:29:54', '2020-01-30 14:29:54'),
(195, 95, 'free', 2, '2020-01-30 14:29:54', '2020-01-30 14:29:54'),
(196, 96, 'free', 2, '2020-01-30 14:29:54', '2020-01-30 14:29:54'),
(197, 97, 'free', 2, '2020-01-30 14:29:54', '2020-01-30 14:29:54'),
(198, 98, 'free', 2, '2020-01-30 14:29:54', '2020-01-30 14:29:54'),
(199, 99, 'free', 2, '2020-01-30 14:29:54', '2020-01-30 14:29:54'),
(200, 100, 'free', 2, '2020-01-30 14:29:54', '2020-01-30 14:29:54'),
(201, 1, 'free', 3, '2020-01-30 14:30:11', '2020-01-30 14:30:11'),
(202, 2, 'free', 3, '2020-01-30 14:30:11', '2020-01-30 14:30:11'),
(203, 3, 'free', 3, '2020-01-30 14:30:11', '2020-01-30 14:30:11'),
(204, 4, 'free', 3, '2020-01-30 14:30:11', '2020-01-30 14:30:11'),
(205, 5, 'free', 3, '2020-01-30 14:30:11', '2020-01-30 14:30:11'),
(206, 6, 'free', 3, '2020-01-30 14:30:11', '2020-01-30 14:30:11'),
(207, 7, 'free', 3, '2020-01-30 14:30:11', '2020-01-30 14:30:11'),
(208, 8, 'free', 3, '2020-01-30 14:30:11', '2020-01-30 14:30:11'),
(209, 9, 'free', 3, '2020-01-30 14:30:11', '2020-01-30 14:30:11'),
(210, 10, 'free', 3, '2020-01-30 14:30:11', '2020-01-30 14:30:11'),
(211, 11, 'free', 3, '2020-01-30 14:30:11', '2020-01-30 14:30:11'),
(212, 12, 'free', 3, '2020-01-30 14:30:11', '2020-01-30 14:30:11'),
(213, 13, 'free', 3, '2020-01-30 14:30:11', '2020-01-30 14:30:11'),
(214, 14, 'free', 3, '2020-01-30 14:30:11', '2020-01-30 14:30:11'),
(215, 15, 'free', 3, '2020-01-30 14:30:11', '2020-01-30 14:30:11'),
(216, 16, 'free', 3, '2020-01-30 14:30:11', '2020-01-30 14:30:11'),
(217, 17, 'free', 3, '2020-01-30 14:30:11', '2020-01-30 14:30:11'),
(218, 18, 'free', 3, '2020-01-30 14:30:11', '2020-01-30 14:30:11'),
(219, 19, 'free', 3, '2020-01-30 14:30:11', '2020-01-30 14:30:11'),
(220, 20, 'free', 3, '2020-01-30 14:30:11', '2020-01-30 14:30:11'),
(221, 21, 'free', 3, '2020-01-30 14:30:11', '2020-01-30 14:30:11'),
(222, 22, 'free', 3, '2020-01-30 14:30:11', '2020-01-30 14:30:11'),
(223, 23, 'free', 3, '2020-01-30 14:30:11', '2020-01-30 14:30:11'),
(224, 24, 'free', 3, '2020-01-30 14:30:11', '2020-01-30 14:30:11'),
(225, 25, 'free', 3, '2020-01-30 14:30:11', '2020-01-30 14:30:11'),
(226, 26, 'free', 3, '2020-01-30 14:30:11', '2020-01-30 14:30:11'),
(227, 27, 'free', 3, '2020-01-30 14:30:11', '2020-01-30 14:30:11'),
(228, 28, 'free', 3, '2020-01-30 14:30:11', '2020-01-30 14:30:11'),
(229, 29, 'free', 3, '2020-01-30 14:30:11', '2020-01-30 14:30:11'),
(230, 30, 'free', 3, '2020-01-30 14:30:11', '2020-01-30 14:30:11'),
(231, 31, 'free', 3, '2020-01-30 14:30:11', '2020-01-30 14:30:11'),
(232, 32, 'free', 3, '2020-01-30 14:30:11', '2020-01-30 14:30:11'),
(233, 33, 'free', 3, '2020-01-30 14:30:11', '2020-01-30 14:30:11'),
(234, 34, 'free', 3, '2020-01-30 14:30:11', '2020-01-30 14:30:11'),
(235, 35, 'free', 3, '2020-01-30 14:30:11', '2020-01-30 14:30:11'),
(236, 36, 'free', 3, '2020-01-30 14:30:11', '2020-01-30 14:30:11'),
(237, 37, 'free', 3, '2020-01-30 14:30:11', '2020-01-30 14:30:11'),
(238, 38, 'free', 3, '2020-01-30 14:30:11', '2020-01-30 14:30:11'),
(239, 39, 'free', 3, '2020-01-30 14:30:11', '2020-01-30 14:30:11'),
(240, 40, 'free', 3, '2020-01-30 14:30:11', '2020-01-30 14:30:11'),
(241, 41, 'free', 3, '2020-01-30 14:30:11', '2020-01-30 14:30:11'),
(242, 42, 'free', 3, '2020-01-30 14:30:11', '2020-01-30 14:30:11'),
(243, 43, 'free', 3, '2020-01-30 14:30:11', '2020-01-30 14:30:11'),
(244, 44, 'free', 3, '2020-01-30 14:30:11', '2020-01-30 14:30:11'),
(245, 45, 'free', 3, '2020-01-30 14:30:11', '2020-01-30 14:30:11'),
(246, 46, 'free', 3, '2020-01-30 14:30:11', '2020-01-30 14:30:11'),
(247, 47, 'free', 3, '2020-01-30 14:30:11', '2020-01-30 14:30:11'),
(248, 48, 'free', 3, '2020-01-30 14:30:11', '2020-01-30 14:30:11'),
(249, 49, 'free', 3, '2020-01-30 14:30:11', '2020-01-30 14:30:11'),
(250, 50, 'free', 3, '2020-01-30 14:30:11', '2020-01-30 14:30:11'),
(251, 51, 'free', 3, '2020-01-30 14:30:11', '2020-01-30 14:30:11'),
(252, 52, 'free', 3, '2020-01-30 14:30:11', '2020-01-30 14:30:11'),
(253, 53, 'free', 3, '2020-01-30 14:30:11', '2020-01-30 14:30:11'),
(254, 54, 'free', 3, '2020-01-30 14:30:11', '2020-01-30 14:30:11'),
(255, 55, 'free', 3, '2020-01-30 14:30:11', '2020-01-30 14:30:11'),
(256, 56, 'free', 3, '2020-01-30 14:30:11', '2020-01-30 14:30:11'),
(257, 57, 'free', 3, '2020-01-30 14:30:11', '2020-01-30 14:30:11'),
(258, 58, 'free', 3, '2020-01-30 14:30:11', '2020-01-30 14:30:11'),
(259, 59, 'free', 3, '2020-01-30 14:30:11', '2020-01-30 14:30:11'),
(260, 60, 'free', 3, '2020-01-30 14:30:11', '2020-01-30 14:30:11'),
(261, 61, 'free', 3, '2020-01-30 14:30:11', '2020-01-30 14:30:11'),
(262, 62, 'free', 3, '2020-01-30 14:30:11', '2020-01-30 14:30:11'),
(263, 63, 'free', 3, '2020-01-30 14:30:11', '2020-01-30 14:30:11'),
(264, 64, 'free', 3, '2020-01-30 14:30:11', '2020-01-30 14:30:11'),
(265, 65, 'free', 3, '2020-01-30 14:30:11', '2020-01-30 14:30:11'),
(266, 66, 'free', 3, '2020-01-30 14:30:11', '2020-01-30 14:30:11'),
(267, 67, 'free', 3, '2020-01-30 14:30:11', '2020-01-30 14:30:11'),
(268, 68, 'free', 3, '2020-01-30 14:30:11', '2020-01-30 14:30:11'),
(269, 69, 'free', 3, '2020-01-30 14:30:11', '2020-01-30 14:30:11'),
(270, 70, 'free', 3, '2020-01-30 14:30:11', '2020-01-30 14:30:11'),
(271, 71, 'free', 3, '2020-01-30 14:30:11', '2020-01-30 14:30:11'),
(272, 72, 'free', 3, '2020-01-30 14:30:11', '2020-01-30 14:30:11'),
(273, 73, 'free', 3, '2020-01-30 14:30:11', '2020-01-30 14:30:11'),
(274, 74, 'free', 3, '2020-01-30 14:30:11', '2020-01-30 14:30:11'),
(275, 75, 'free', 3, '2020-01-30 14:30:11', '2020-01-30 14:30:11'),
(276, 76, 'free', 3, '2020-01-30 14:30:11', '2020-01-30 14:30:11'),
(277, 77, 'free', 3, '2020-01-30 14:30:11', '2020-01-30 14:30:11'),
(278, 78, 'free', 3, '2020-01-30 14:30:11', '2020-01-30 14:30:11'),
(279, 79, 'free', 3, '2020-01-30 14:30:11', '2020-01-30 14:30:11'),
(280, 80, 'free', 3, '2020-01-30 14:30:11', '2020-01-30 14:30:11'),
(281, 81, 'free', 3, '2020-01-30 14:30:11', '2020-01-30 14:30:11'),
(282, 82, 'free', 3, '2020-01-30 14:30:11', '2020-01-30 14:30:11'),
(283, 83, 'free', 3, '2020-01-30 14:30:11', '2020-01-30 14:30:11'),
(284, 84, 'free', 3, '2020-01-30 14:30:11', '2020-01-30 14:30:11'),
(285, 85, 'free', 3, '2020-01-30 14:30:11', '2020-01-30 14:30:11'),
(286, 86, 'free', 3, '2020-01-30 14:30:11', '2020-01-30 14:30:11'),
(287, 87, 'free', 3, '2020-01-30 14:30:11', '2020-01-30 14:30:11'),
(288, 88, 'free', 3, '2020-01-30 14:30:11', '2020-01-30 14:30:11'),
(289, 89, 'free', 3, '2020-01-30 14:30:11', '2020-01-30 14:30:11'),
(290, 90, 'free', 3, '2020-01-30 14:30:11', '2020-01-30 14:30:11'),
(291, 91, 'free', 3, '2020-01-30 14:30:11', '2020-01-30 14:30:11'),
(292, 92, 'free', 3, '2020-01-30 14:30:11', '2020-01-30 14:30:11'),
(293, 93, 'free', 3, '2020-01-30 14:30:11', '2020-01-30 14:30:11'),
(294, 94, 'free', 3, '2020-01-30 14:30:11', '2020-01-30 14:30:11'),
(295, 95, 'free', 3, '2020-01-30 14:30:11', '2020-01-30 14:30:11'),
(296, 96, 'free', 3, '2020-01-30 14:30:11', '2020-01-30 14:30:11'),
(297, 97, 'free', 3, '2020-01-30 14:30:11', '2020-01-30 14:30:11'),
(298, 98, 'free', 3, '2020-01-30 14:30:11', '2020-01-30 14:30:11'),
(299, 99, 'free', 3, '2020-01-30 14:30:11', '2020-01-30 14:30:11'),
(300, 100, 'free', 3, '2020-01-30 14:30:11', '2020-01-30 14:30:11'),
(301, 1, 'free', 4, '2020-01-30 14:30:30', '2020-01-30 14:30:30'),
(302, 2, 'free', 4, '2020-01-30 14:30:30', '2020-01-30 14:30:30'),
(303, 3, 'free', 4, '2020-01-30 14:30:30', '2020-01-30 14:30:30'),
(304, 4, 'free', 4, '2020-01-30 14:30:30', '2020-01-30 14:30:30'),
(305, 5, 'free', 4, '2020-01-30 14:30:30', '2020-01-30 14:30:30'),
(306, 6, 'free', 4, '2020-01-30 14:30:30', '2020-01-30 14:30:30'),
(307, 7, 'free', 4, '2020-01-30 14:30:30', '2020-01-30 14:30:30'),
(308, 8, 'free', 4, '2020-01-30 14:30:30', '2020-01-30 14:30:30'),
(309, 9, 'free', 4, '2020-01-30 14:30:30', '2020-01-30 14:30:30'),
(310, 10, 'free', 4, '2020-01-30 14:30:30', '2020-01-30 14:30:30'),
(311, 11, 'free', 4, '2020-01-30 14:30:30', '2020-01-30 14:30:30'),
(312, 12, 'free', 4, '2020-01-30 14:30:30', '2020-01-30 14:30:30'),
(313, 13, 'free', 4, '2020-01-30 14:30:30', '2020-01-30 14:30:30'),
(314, 14, 'free', 4, '2020-01-30 14:30:30', '2020-01-30 14:30:30'),
(315, 15, 'free', 4, '2020-01-30 14:30:30', '2020-01-30 14:30:30'),
(316, 16, 'free', 4, '2020-01-30 14:30:30', '2020-01-30 14:30:30'),
(317, 17, 'free', 4, '2020-01-30 14:30:30', '2020-01-30 14:30:30'),
(318, 18, 'free', 4, '2020-01-30 14:30:30', '2020-01-30 14:30:30'),
(319, 19, 'free', 4, '2020-01-30 14:30:30', '2020-01-30 14:30:30'),
(320, 20, 'free', 4, '2020-01-30 14:30:30', '2020-01-30 14:30:30'),
(321, 21, 'free', 4, '2020-01-30 14:30:30', '2020-01-30 14:30:30'),
(322, 22, 'free', 4, '2020-01-30 14:30:30', '2020-01-30 14:30:30'),
(323, 23, 'free', 4, '2020-01-30 14:30:30', '2020-01-30 14:30:30'),
(324, 24, 'free', 4, '2020-01-30 14:30:30', '2020-01-30 14:30:30'),
(325, 25, 'free', 4, '2020-01-30 14:30:30', '2020-01-30 14:30:30'),
(326, 26, 'free', 4, '2020-01-30 14:30:30', '2020-01-30 14:30:30'),
(327, 27, 'free', 4, '2020-01-30 14:30:30', '2020-01-30 14:30:30'),
(328, 28, 'free', 4, '2020-01-30 14:30:30', '2020-01-30 14:30:30'),
(329, 29, 'free', 4, '2020-01-30 14:30:30', '2020-01-30 14:30:30'),
(330, 30, 'free', 4, '2020-01-30 14:30:30', '2020-01-30 14:30:30'),
(331, 31, 'free', 4, '2020-01-30 14:30:30', '2020-01-30 14:30:30'),
(332, 32, 'free', 4, '2020-01-30 14:30:30', '2020-01-30 14:30:30'),
(333, 33, 'free', 4, '2020-01-30 14:30:30', '2020-01-30 14:30:30'),
(334, 34, 'free', 4, '2020-01-30 14:30:30', '2020-01-30 14:30:30'),
(335, 35, 'free', 4, '2020-01-30 14:30:30', '2020-01-30 14:30:30'),
(336, 36, 'free', 4, '2020-01-30 14:30:30', '2020-01-30 14:30:30'),
(337, 37, 'free', 4, '2020-01-30 14:30:30', '2020-01-30 14:30:30'),
(338, 38, 'free', 4, '2020-01-30 14:30:30', '2020-01-30 14:30:30'),
(339, 39, 'free', 4, '2020-01-30 14:30:30', '2020-01-30 14:30:30'),
(340, 40, 'free', 4, '2020-01-30 14:30:30', '2020-01-30 14:30:30'),
(341, 41, 'free', 4, '2020-01-30 14:30:30', '2020-01-30 14:30:30'),
(342, 42, 'free', 4, '2020-01-30 14:30:30', '2020-01-30 14:30:30'),
(343, 43, 'free', 4, '2020-01-30 14:30:30', '2020-01-30 14:30:30'),
(344, 44, 'free', 4, '2020-01-30 14:30:30', '2020-01-30 14:30:30'),
(345, 45, 'free', 4, '2020-01-30 14:30:30', '2020-01-30 14:30:30'),
(346, 46, 'free', 4, '2020-01-30 14:30:30', '2020-01-30 14:30:30'),
(347, 47, 'free', 4, '2020-01-30 14:30:30', '2020-01-30 14:30:30'),
(348, 48, 'free', 4, '2020-01-30 14:30:30', '2020-01-30 14:30:30'),
(349, 49, 'free', 4, '2020-01-30 14:30:30', '2020-01-30 14:30:30'),
(350, 50, 'free', 4, '2020-01-30 14:30:30', '2020-01-30 14:30:30'),
(351, 51, 'free', 4, '2020-01-30 14:30:30', '2020-01-30 14:30:30'),
(352, 52, 'free', 4, '2020-01-30 14:30:30', '2020-01-30 14:30:30'),
(353, 53, 'free', 4, '2020-01-30 14:30:30', '2020-01-30 14:30:30'),
(354, 54, 'free', 4, '2020-01-30 14:30:30', '2020-01-30 14:30:30'),
(355, 55, 'free', 4, '2020-01-30 14:30:30', '2020-01-30 14:30:30'),
(356, 56, 'free', 4, '2020-01-30 14:30:30', '2020-01-30 14:30:30'),
(357, 57, 'free', 4, '2020-01-30 14:30:30', '2020-01-30 14:30:30'),
(358, 58, 'free', 4, '2020-01-30 14:30:30', '2020-01-30 14:30:30'),
(359, 59, 'free', 4, '2020-01-30 14:30:30', '2020-01-30 14:30:30'),
(360, 60, 'free', 4, '2020-01-30 14:30:30', '2020-01-30 14:30:30'),
(361, 61, 'free', 4, '2020-01-30 14:30:30', '2020-01-30 14:30:30'),
(362, 62, 'free', 4, '2020-01-30 14:30:30', '2020-01-30 14:30:30'),
(363, 63, 'free', 4, '2020-01-30 14:30:30', '2020-01-30 14:30:30'),
(364, 64, 'free', 4, '2020-01-30 14:30:30', '2020-01-30 14:30:30'),
(365, 65, 'free', 4, '2020-01-30 14:30:30', '2020-01-30 14:30:30'),
(366, 66, 'free', 4, '2020-01-30 14:30:30', '2020-01-30 14:30:30'),
(367, 67, 'free', 4, '2020-01-30 14:30:30', '2020-01-30 14:30:30'),
(368, 68, 'free', 4, '2020-01-30 14:30:30', '2020-01-30 14:30:30'),
(369, 69, 'free', 4, '2020-01-30 14:30:30', '2020-01-30 14:30:30'),
(370, 70, 'free', 4, '2020-01-30 14:30:30', '2020-01-30 14:30:30'),
(371, 1, 'free', 5, '2020-01-30 14:32:37', '2020-01-30 14:32:37'),
(372, 2, 'free', 5, '2020-01-30 14:32:37', '2020-01-30 14:32:37'),
(373, 3, 'free', 5, '2020-01-30 14:32:37', '2020-01-30 14:32:37'),
(374, 4, 'free', 5, '2020-01-30 14:32:37', '2020-01-30 14:32:37'),
(375, 5, 'free', 5, '2020-01-30 14:32:37', '2020-01-30 14:32:37'),
(376, 6, 'free', 5, '2020-01-30 14:32:37', '2020-01-30 14:32:37'),
(377, 7, 'free', 5, '2020-01-30 14:32:37', '2020-01-30 14:32:37'),
(378, 8, 'free', 5, '2020-01-30 14:32:37', '2020-01-30 14:32:37'),
(379, 9, 'free', 5, '2020-01-30 14:32:37', '2020-01-30 14:32:37'),
(380, 10, 'free', 5, '2020-01-30 14:32:37', '2020-01-30 14:32:37'),
(381, 11, 'free', 5, '2020-01-30 14:32:37', '2020-01-30 14:32:37'),
(382, 12, 'free', 5, '2020-01-30 14:32:37', '2020-01-30 14:32:37'),
(383, 13, 'free', 5, '2020-01-30 14:32:37', '2020-01-30 14:32:37'),
(384, 14, 'free', 5, '2020-01-30 14:32:37', '2020-01-30 14:32:37'),
(385, 15, 'free', 5, '2020-01-30 14:32:37', '2020-01-30 14:32:37'),
(386, 16, 'free', 5, '2020-01-30 14:32:37', '2020-01-30 14:32:37'),
(387, 17, 'free', 5, '2020-01-30 14:32:37', '2020-01-30 14:32:37'),
(388, 18, 'free', 5, '2020-01-30 14:32:37', '2020-01-30 14:32:37'),
(389, 19, 'free', 5, '2020-01-30 14:32:37', '2020-01-30 14:32:37'),
(390, 20, 'free', 5, '2020-01-30 14:32:37', '2020-01-30 14:32:37'),
(391, 21, 'free', 5, '2020-01-30 14:32:37', '2020-01-30 14:32:37'),
(392, 22, 'free', 5, '2020-01-30 14:32:37', '2020-01-30 14:32:37'),
(393, 23, 'free', 5, '2020-01-30 14:32:37', '2020-01-30 14:32:37'),
(394, 24, 'free', 5, '2020-01-30 14:32:37', '2020-01-30 14:32:37'),
(395, 25, 'free', 5, '2020-01-30 14:32:37', '2020-01-30 14:32:37'),
(396, 26, 'free', 5, '2020-01-30 14:32:37', '2020-01-30 14:32:37'),
(397, 27, 'free', 5, '2020-01-30 14:32:37', '2020-01-30 14:32:37'),
(398, 28, 'free', 5, '2020-01-30 14:32:37', '2020-01-30 14:32:37'),
(399, 29, 'free', 5, '2020-01-30 14:32:37', '2020-01-30 14:32:37'),
(400, 30, 'free', 5, '2020-01-30 14:32:37', '2020-01-30 14:32:37'),
(401, 31, 'free', 5, '2020-01-30 14:32:37', '2020-01-30 14:32:37'),
(402, 32, 'free', 5, '2020-01-30 14:32:37', '2020-01-30 14:32:37'),
(403, 33, 'free', 5, '2020-01-30 14:32:37', '2020-01-30 14:32:37'),
(404, 34, 'free', 5, '2020-01-30 14:32:37', '2020-01-30 14:32:37'),
(405, 35, 'free', 5, '2020-01-30 14:32:37', '2020-01-30 14:32:37'),
(406, 36, 'free', 5, '2020-01-30 14:32:37', '2020-01-30 14:32:37'),
(407, 37, 'free', 5, '2020-01-30 14:32:37', '2020-01-30 14:32:37'),
(408, 38, 'free', 5, '2020-01-30 14:32:37', '2020-01-30 14:32:37'),
(409, 39, 'free', 5, '2020-01-30 14:32:37', '2020-01-30 14:32:37'),
(410, 40, 'free', 5, '2020-01-30 14:32:37', '2020-01-30 14:32:37'),
(411, 1, 'free', 6, '2020-01-30 14:33:04', '2020-01-30 14:33:04'),
(412, 2, 'free', 6, '2020-01-30 14:33:04', '2020-01-30 14:33:04'),
(413, 3, 'free', 6, '2020-01-30 14:33:04', '2020-01-30 14:33:04'),
(414, 4, 'free', 6, '2020-01-30 14:33:04', '2020-01-30 14:33:04'),
(415, 5, 'free', 6, '2020-01-30 14:33:04', '2020-01-30 14:33:04'),
(416, 6, 'free', 6, '2020-01-30 14:33:04', '2020-01-30 14:33:04'),
(417, 7, 'free', 6, '2020-01-30 14:33:04', '2020-01-30 14:33:04'),
(418, 8, 'free', 6, '2020-01-30 14:33:04', '2020-01-30 14:33:04'),
(419, 9, 'free', 6, '2020-01-30 14:33:04', '2020-01-30 14:33:04'),
(420, 10, 'free', 6, '2020-01-30 14:33:04', '2020-01-30 14:33:04'),
(421, 11, 'free', 6, '2020-01-30 14:33:04', '2020-01-30 14:33:04'),
(422, 12, 'free', 6, '2020-01-30 14:33:04', '2020-01-30 14:33:04'),
(423, 13, 'free', 6, '2020-01-30 14:33:04', '2020-01-30 14:33:04'),
(424, 14, 'free', 6, '2020-01-30 14:33:04', '2020-01-30 14:33:04'),
(425, 15, 'free', 6, '2020-01-30 14:33:04', '2020-01-30 14:33:04'),
(426, 16, 'free', 6, '2020-01-30 14:33:04', '2020-01-30 14:33:04'),
(427, 17, 'free', 6, '2020-01-30 14:33:04', '2020-01-30 14:33:04'),
(428, 18, 'free', 6, '2020-01-30 14:33:04', '2020-01-30 14:33:04'),
(429, 19, 'free', 6, '2020-01-30 14:33:04', '2020-01-30 14:33:04'),
(430, 20, 'free', 6, '2020-01-30 14:33:04', '2020-01-30 14:33:04'),
(431, 21, 'free', 6, '2020-01-30 14:33:04', '2020-01-30 14:33:04'),
(432, 22, 'free', 6, '2020-01-30 14:33:04', '2020-01-30 14:33:04'),
(433, 23, 'free', 6, '2020-01-30 14:33:04', '2020-01-30 14:33:04'),
(434, 24, 'free', 6, '2020-01-30 14:33:04', '2020-01-30 14:33:04'),
(435, 25, 'free', 6, '2020-01-30 14:33:04', '2020-01-30 14:33:04'),
(436, 26, 'free', 6, '2020-01-30 14:33:04', '2020-01-30 14:33:04'),
(437, 27, 'free', 6, '2020-01-30 14:33:04', '2020-01-30 14:33:04'),
(438, 28, 'free', 6, '2020-01-30 14:33:04', '2020-01-30 14:33:04'),
(439, 29, 'free', 6, '2020-01-30 14:33:04', '2020-01-30 14:33:04'),
(440, 30, 'free', 6, '2020-01-30 14:33:04', '2020-01-30 14:33:04'),
(441, 31, 'free', 6, '2020-01-30 14:33:04', '2020-01-30 14:33:04'),
(442, 32, 'free', 6, '2020-01-30 14:33:04', '2020-01-30 14:33:04'),
(443, 33, 'free', 6, '2020-01-30 14:33:04', '2020-01-30 14:33:04'),
(444, 34, 'free', 6, '2020-01-30 14:33:04', '2020-01-30 14:33:04'),
(445, 35, 'free', 6, '2020-01-30 14:33:04', '2020-01-30 14:33:04'),
(446, 36, 'free', 6, '2020-01-30 14:33:04', '2020-01-30 14:33:04'),
(447, 37, 'free', 6, '2020-01-30 14:33:04', '2020-01-30 14:33:04'),
(448, 38, 'free', 6, '2020-01-30 14:33:04', '2020-01-30 14:33:04'),
(449, 39, 'free', 6, '2020-01-30 14:33:04', '2020-01-30 14:33:04'),
(450, 40, 'free', 6, '2020-01-30 14:33:04', '2020-01-30 14:33:04'),
(451, 1, 'free', 7, '2020-01-30 14:33:43', '2020-01-30 14:33:43'),
(452, 2, 'free', 7, '2020-01-30 14:33:43', '2020-01-30 14:33:43'),
(453, 3, 'free', 7, '2020-01-30 14:33:43', '2020-01-30 14:33:43'),
(454, 4, 'free', 7, '2020-01-30 14:33:43', '2020-01-30 14:33:43'),
(455, 5, 'free', 7, '2020-01-30 14:33:43', '2020-01-30 14:33:43'),
(456, 6, 'free', 7, '2020-01-30 14:33:43', '2020-01-30 14:33:43'),
(457, 7, 'free', 7, '2020-01-30 14:33:43', '2020-01-30 14:33:43'),
(458, 8, 'free', 7, '2020-01-30 14:33:43', '2020-01-30 14:33:43'),
(459, 9, 'free', 7, '2020-01-30 14:33:43', '2020-01-30 14:33:43'),
(460, 10, 'free', 7, '2020-01-30 14:33:43', '2020-01-30 14:33:43'),
(461, 11, 'free', 7, '2020-01-30 14:33:43', '2020-01-30 14:33:43'),
(462, 12, 'free', 7, '2020-01-30 14:33:43', '2020-01-30 14:33:43'),
(463, 13, 'free', 7, '2020-01-30 14:33:43', '2020-01-30 14:33:43'),
(464, 14, 'free', 7, '2020-01-30 14:33:43', '2020-01-30 14:33:43'),
(465, 15, 'free', 7, '2020-01-30 14:33:43', '2020-01-30 14:33:43'),
(466, 16, 'free', 7, '2020-01-30 14:33:43', '2020-01-30 14:33:43'),
(467, 17, 'free', 7, '2020-01-30 14:33:43', '2020-01-30 14:33:43'),
(468, 18, 'free', 7, '2020-01-30 14:33:43', '2020-01-30 14:33:43'),
(469, 19, 'free', 7, '2020-01-30 14:33:43', '2020-01-30 14:33:43'),
(470, 20, 'free', 7, '2020-01-30 14:33:43', '2020-01-30 14:33:43'),
(471, 21, 'free', 7, '2020-01-30 14:33:43', '2020-01-30 14:33:43'),
(472, 22, 'free', 7, '2020-01-30 14:33:43', '2020-01-30 14:33:43'),
(473, 23, 'free', 7, '2020-01-30 14:33:43', '2020-01-30 14:33:43'),
(474, 24, 'free', 7, '2020-01-30 14:33:43', '2020-01-30 14:33:43'),
(475, 25, 'free', 7, '2020-01-30 14:33:43', '2020-01-30 14:33:43'),
(476, 26, 'free', 7, '2020-01-30 14:33:43', '2020-01-30 14:33:43'),
(477, 27, 'free', 7, '2020-01-30 14:33:43', '2020-01-30 14:33:43'),
(478, 28, 'free', 7, '2020-01-30 14:33:43', '2020-01-30 14:33:43'),
(479, 29, 'free', 7, '2020-01-30 14:33:43', '2020-01-30 14:33:43'),
(480, 30, 'free', 7, '2020-01-30 14:33:43', '2020-01-30 14:33:43'),
(481, 31, 'free', 7, '2020-01-30 14:33:43', '2020-01-30 14:33:43'),
(482, 32, 'free', 7, '2020-01-30 14:33:43', '2020-01-30 14:33:43'),
(483, 33, 'free', 7, '2020-01-30 14:33:43', '2020-01-30 14:33:43'),
(484, 34, 'free', 7, '2020-01-30 14:33:43', '2020-01-30 14:33:43'),
(485, 35, 'free', 7, '2020-01-30 14:33:43', '2020-01-30 14:33:43'),
(486, 36, 'free', 7, '2020-01-30 14:33:43', '2020-01-30 14:33:43'),
(487, 37, 'free', 7, '2020-01-30 14:33:43', '2020-01-30 14:33:43'),
(488, 38, 'free', 7, '2020-01-30 14:33:43', '2020-01-30 14:33:43'),
(489, 39, 'free', 7, '2020-01-30 14:33:43', '2020-01-30 14:33:43'),
(490, 40, 'free', 7, '2020-01-30 14:33:43', '2020-01-30 14:33:43'),
(491, 41, 'free', 7, '2020-01-30 14:33:43', '2020-01-30 14:33:43'),
(492, 42, 'free', 7, '2020-01-30 14:33:43', '2020-01-30 14:33:43'),
(493, 43, 'free', 7, '2020-01-30 14:33:43', '2020-01-30 14:33:43'),
(494, 44, 'free', 7, '2020-01-30 14:33:43', '2020-01-30 14:33:43'),
(495, 45, 'free', 7, '2020-01-30 14:33:43', '2020-01-30 14:33:43'),
(496, 46, 'free', 7, '2020-01-30 14:33:43', '2020-01-30 14:33:43'),
(497, 47, 'free', 7, '2020-01-30 14:33:43', '2020-01-30 14:33:43'),
(498, 48, 'free', 7, '2020-01-30 14:33:43', '2020-01-30 14:33:43'),
(499, 49, 'free', 7, '2020-01-30 14:33:43', '2020-01-30 14:33:43'),
(500, 50, 'free', 7, '2020-01-30 14:33:43', '2020-01-30 14:33:43'),
(501, 1, 'free', 8, '2020-01-30 14:35:05', '2020-01-30 14:35:05'),
(502, 2, 'free', 8, '2020-01-30 14:35:05', '2020-01-30 14:35:05'),
(503, 3, 'free', 8, '2020-01-30 14:35:05', '2020-01-30 14:35:05'),
(504, 4, 'free', 8, '2020-01-30 14:35:05', '2020-01-30 14:35:05'),
(505, 5, 'free', 8, '2020-01-30 14:35:05', '2020-01-30 14:35:05'),
(506, 6, 'free', 8, '2020-01-30 14:35:05', '2020-01-30 14:35:05'),
(507, 7, 'free', 8, '2020-01-30 14:35:05', '2020-01-30 14:35:05'),
(508, 8, 'free', 8, '2020-01-30 14:35:05', '2020-01-30 14:35:05'),
(509, 9, 'free', 8, '2020-01-30 14:35:05', '2020-01-30 14:35:05'),
(510, 10, 'free', 8, '2020-01-30 14:35:05', '2020-01-30 14:35:05'),
(511, 11, 'free', 8, '2020-01-30 14:35:05', '2020-01-30 14:35:05'),
(512, 12, 'free', 8, '2020-01-30 14:35:05', '2020-01-30 14:35:05'),
(513, 13, 'free', 8, '2020-01-30 14:35:05', '2020-01-30 14:35:05'),
(514, 14, 'free', 8, '2020-01-30 14:35:05', '2020-01-30 14:35:05'),
(515, 15, 'free', 8, '2020-01-30 14:35:05', '2020-01-30 14:35:05'),
(516, 16, 'free', 8, '2020-01-30 14:35:05', '2020-01-30 14:35:05'),
(517, 17, 'free', 8, '2020-01-30 14:35:05', '2020-01-30 14:35:05'),
(518, 18, 'free', 8, '2020-01-30 14:35:05', '2020-01-30 14:35:05'),
(519, 19, 'free', 8, '2020-01-30 14:35:05', '2020-01-30 14:35:05'),
(520, 20, 'free', 8, '2020-01-30 14:35:05', '2020-01-30 14:35:05'),
(521, 21, 'free', 8, '2020-01-30 14:35:05', '2020-01-30 14:35:05'),
(522, 22, 'free', 8, '2020-01-30 14:35:05', '2020-01-30 14:35:05'),
(523, 23, 'free', 8, '2020-01-30 14:35:05', '2020-01-30 14:35:05'),
(524, 24, 'free', 8, '2020-01-30 14:35:05', '2020-01-30 14:35:05'),
(525, 25, 'free', 8, '2020-01-30 14:35:05', '2020-01-30 14:35:05'),
(526, 26, 'free', 8, '2020-01-30 14:35:05', '2020-01-30 14:35:05'),
(527, 27, 'free', 8, '2020-01-30 14:35:05', '2020-01-30 14:35:05'),
(528, 28, 'free', 8, '2020-01-30 14:35:05', '2020-01-30 14:35:05'),
(529, 29, 'free', 8, '2020-01-30 14:35:05', '2020-01-30 14:35:05'),
(530, 30, 'free', 8, '2020-01-30 14:35:05', '2020-01-30 14:35:05'),
(531, 1, 'free', 9, '2020-01-30 14:35:25', '2020-01-30 14:35:25'),
(532, 2, 'free', 9, '2020-01-30 14:35:25', '2020-01-30 14:35:25'),
(533, 3, 'free', 9, '2020-01-30 14:35:25', '2020-01-30 14:35:25'),
(534, 4, 'free', 9, '2020-01-30 14:35:25', '2020-01-30 14:35:25'),
(535, 5, 'free', 9, '2020-01-30 14:35:25', '2020-01-30 14:35:25'),
(536, 6, 'free', 9, '2020-01-30 14:35:25', '2020-01-30 14:35:25'),
(537, 7, 'free', 9, '2020-01-30 14:35:25', '2020-01-30 14:35:25'),
(538, 8, 'free', 9, '2020-01-30 14:35:25', '2020-01-30 14:35:25'),
(539, 9, 'free', 9, '2020-01-30 14:35:25', '2020-01-30 14:35:25'),
(540, 10, 'free', 9, '2020-01-30 14:35:25', '2020-01-30 14:35:25'),
(541, 11, 'free', 9, '2020-01-30 14:35:25', '2020-01-30 14:35:25'),
(542, 12, 'free', 9, '2020-01-30 14:35:25', '2020-01-30 14:35:25'),
(543, 13, 'free', 9, '2020-01-30 14:35:25', '2020-01-30 14:35:25'),
(544, 14, 'free', 9, '2020-01-30 14:35:25', '2020-01-30 14:35:25'),
(545, 15, 'free', 9, '2020-01-30 14:35:25', '2020-01-30 14:35:25'),
(546, 16, 'free', 9, '2020-01-30 14:35:25', '2020-01-30 14:35:25'),
(547, 17, 'free', 9, '2020-01-30 14:35:25', '2020-01-30 14:35:25'),
(548, 18, 'free', 9, '2020-01-30 14:35:25', '2020-01-30 14:35:25'),
(549, 19, 'free', 9, '2020-01-30 14:35:25', '2020-01-30 14:35:25'),
(550, 20, 'free', 9, '2020-01-30 14:35:25', '2020-01-30 14:35:25'),
(551, 21, 'free', 9, '2020-01-30 14:35:25', '2020-01-30 14:35:25'),
(552, 22, 'free', 9, '2020-01-30 14:35:25', '2020-01-30 14:35:25'),
(553, 23, 'free', 9, '2020-01-30 14:35:25', '2020-01-30 14:35:25'),
(554, 24, 'free', 9, '2020-01-30 14:35:25', '2020-01-30 14:35:25'),
(555, 25, 'free', 9, '2020-01-30 14:35:25', '2020-01-30 14:35:25'),
(556, 26, 'free', 9, '2020-01-30 14:35:25', '2020-01-30 14:35:25'),
(557, 27, 'free', 9, '2020-01-30 14:35:25', '2020-01-30 14:35:25'),
(558, 28, 'free', 9, '2020-01-30 14:35:25', '2020-01-30 14:35:25'),
(559, 29, 'free', 9, '2020-01-30 14:35:25', '2020-01-30 14:35:25'),
(560, 30, 'free', 9, '2020-01-30 14:35:25', '2020-01-30 14:35:25'),
(561, 31, 'free', 9, '2020-01-30 14:35:25', '2020-01-30 14:35:25'),
(562, 32, 'free', 9, '2020-01-30 14:35:25', '2020-01-30 14:35:25'),
(563, 33, 'free', 9, '2020-01-30 14:35:25', '2020-01-30 14:35:25'),
(564, 34, 'free', 9, '2020-01-30 14:35:25', '2020-01-30 14:35:25'),
(565, 35, 'free', 9, '2020-01-30 14:35:25', '2020-01-30 14:35:25'),
(566, 36, 'free', 9, '2020-01-30 14:35:25', '2020-01-30 14:35:25'),
(567, 37, 'free', 9, '2020-01-30 14:35:25', '2020-01-30 14:35:25'),
(568, 38, 'free', 9, '2020-01-30 14:35:25', '2020-01-30 14:35:25'),
(569, 39, 'free', 9, '2020-01-30 14:35:25', '2020-01-30 14:35:25'),
(570, 40, 'free', 9, '2020-01-30 14:35:25', '2020-01-30 14:35:25'),
(571, 1, 'free', 10, '2020-01-30 14:35:41', '2020-01-30 14:35:41'),
(572, 2, 'free', 10, '2020-01-30 14:35:41', '2020-01-30 14:35:41'),
(573, 3, 'free', 10, '2020-01-30 14:35:41', '2020-01-30 14:35:41'),
(574, 4, 'free', 10, '2020-01-30 14:35:41', '2020-01-30 14:35:41'),
(575, 5, 'free', 10, '2020-01-30 14:35:41', '2020-01-30 14:35:41'),
(576, 6, 'free', 10, '2020-01-30 14:35:41', '2020-01-30 14:35:41'),
(577, 7, 'free', 10, '2020-01-30 14:35:41', '2020-01-30 14:35:41'),
(578, 8, 'free', 10, '2020-01-30 14:35:41', '2020-01-30 14:35:41'),
(579, 9, 'free', 10, '2020-01-30 14:35:41', '2020-01-30 14:35:41'),
(580, 10, 'free', 10, '2020-01-30 14:35:41', '2020-01-30 14:35:41'),
(581, 11, 'free', 10, '2020-01-30 14:35:41', '2020-01-30 14:35:41'),
(582, 12, 'free', 10, '2020-01-30 14:35:41', '2020-01-30 14:35:41'),
(583, 13, 'free', 10, '2020-01-30 14:35:41', '2020-01-30 14:35:41'),
(584, 14, 'free', 10, '2020-01-30 14:35:41', '2020-01-30 14:35:41'),
(585, 15, 'free', 10, '2020-01-30 14:35:41', '2020-01-30 14:35:41'),
(586, 16, 'free', 10, '2020-01-30 14:35:41', '2020-01-30 14:35:41'),
(587, 17, 'free', 10, '2020-01-30 14:35:41', '2020-01-30 14:35:41'),
(588, 18, 'free', 10, '2020-01-30 14:35:41', '2020-01-30 14:35:41'),
(589, 19, 'free', 10, '2020-01-30 14:35:41', '2020-01-30 14:35:41'),
(590, 20, 'free', 10, '2020-01-30 14:35:41', '2020-01-30 14:35:41'),
(591, 21, 'free', 10, '2020-01-30 14:35:41', '2020-01-30 14:35:41'),
(592, 22, 'free', 10, '2020-01-30 14:35:41', '2020-01-30 14:35:41'),
(593, 23, 'free', 10, '2020-01-30 14:35:41', '2020-01-30 14:35:41'),
(594, 24, 'free', 10, '2020-01-30 14:35:41', '2020-01-30 14:35:41'),
(595, 25, 'free', 10, '2020-01-30 14:35:41', '2020-01-30 14:35:41'),
(596, 26, 'free', 10, '2020-01-30 14:35:41', '2020-01-30 14:35:41'),
(597, 27, 'free', 10, '2020-01-30 14:35:41', '2020-01-30 14:35:41'),
(598, 28, 'free', 10, '2020-01-30 14:35:41', '2020-01-30 14:35:41'),
(599, 29, 'free', 10, '2020-01-30 14:35:41', '2020-01-30 14:35:41'),
(600, 30, 'free', 10, '2020-01-30 14:35:41', '2020-01-30 14:35:41'),
(601, 31, 'free', 10, '2020-01-30 14:35:41', '2020-01-30 14:35:41'),
(602, 32, 'free', 10, '2020-01-30 14:35:41', '2020-01-30 14:35:41'),
(603, 33, 'free', 10, '2020-01-30 14:35:41', '2020-01-30 14:35:41'),
(604, 34, 'free', 10, '2020-01-30 14:35:41', '2020-01-30 14:35:41'),
(605, 35, 'free', 10, '2020-01-30 14:35:41', '2020-01-30 14:35:41'),
(606, 36, 'free', 10, '2020-01-30 14:35:41', '2020-01-30 14:35:41'),
(607, 37, 'free', 10, '2020-01-30 14:35:41', '2020-01-30 14:35:41'),
(608, 38, 'free', 10, '2020-01-30 14:35:41', '2020-01-30 14:35:41'),
(609, 39, 'free', 10, '2020-01-30 14:35:41', '2020-01-30 14:35:41'),
(610, 40, 'free', 10, '2020-01-30 14:35:41', '2020-01-30 14:35:41'),
(611, 1, 'free', 11, '2020-01-30 14:36:09', '2020-01-30 14:36:09'),
(612, 2, 'free', 11, '2020-01-30 14:36:09', '2020-01-30 14:36:09'),
(613, 3, 'free', 11, '2020-01-30 14:36:09', '2020-01-30 14:36:09'),
(614, 4, 'free', 11, '2020-01-30 14:36:09', '2020-01-30 14:36:09'),
(615, 5, 'free', 11, '2020-01-30 14:36:09', '2020-01-30 14:36:09'),
(616, 6, 'free', 11, '2020-01-30 14:36:09', '2020-01-30 14:36:09'),
(617, 7, 'free', 11, '2020-01-30 14:36:09', '2020-01-30 14:36:09'),
(618, 8, 'free', 11, '2020-01-30 14:36:09', '2020-01-30 14:36:09'),
(619, 9, 'free', 11, '2020-01-30 14:36:09', '2020-01-30 14:36:09'),
(620, 10, 'free', 11, '2020-01-30 14:36:09', '2020-01-30 14:36:09'),
(621, 11, 'free', 11, '2020-01-30 14:36:09', '2020-01-30 14:36:09'),
(622, 12, 'free', 11, '2020-01-30 14:36:09', '2020-01-30 14:36:09'),
(623, 13, 'free', 11, '2020-01-30 14:36:09', '2020-01-30 14:36:09'),
(624, 14, 'free', 11, '2020-01-30 14:36:09', '2020-01-30 14:36:09'),
(625, 15, 'free', 11, '2020-01-30 14:36:09', '2020-01-30 14:36:09'),
(626, 16, 'free', 11, '2020-01-30 14:36:09', '2020-01-30 14:36:09'),
(627, 17, 'free', 11, '2020-01-30 14:36:09', '2020-01-30 14:36:09'),
(628, 18, 'free', 11, '2020-01-30 14:36:09', '2020-01-30 14:36:09'),
(629, 19, 'free', 11, '2020-01-30 14:36:09', '2020-01-30 14:36:09'),
(630, 20, 'free', 11, '2020-01-30 14:36:09', '2020-01-30 14:36:09'),
(631, 21, 'free', 11, '2020-01-30 14:36:09', '2020-01-30 14:36:09'),
(632, 22, 'free', 11, '2020-01-30 14:36:09', '2020-01-30 14:36:09'),
(633, 23, 'free', 11, '2020-01-30 14:36:09', '2020-01-30 14:36:09'),
(634, 24, 'free', 11, '2020-01-30 14:36:09', '2020-01-30 14:36:09'),
(635, 25, 'free', 11, '2020-01-30 14:36:09', '2020-01-30 14:36:09'),
(636, 26, 'free', 11, '2020-01-30 14:36:09', '2020-01-30 14:36:09'),
(637, 27, 'free', 11, '2020-01-30 14:36:09', '2020-01-30 14:36:09'),
(638, 28, 'free', 11, '2020-01-30 14:36:09', '2020-01-30 14:36:09'),
(639, 29, 'free', 11, '2020-01-30 14:36:09', '2020-01-30 14:36:09'),
(640, 30, 'free', 11, '2020-01-30 14:36:09', '2020-01-30 14:36:09'),
(641, 31, 'free', 11, '2020-01-30 14:36:09', '2020-01-30 14:36:09'),
(642, 32, 'free', 11, '2020-01-30 14:36:09', '2020-01-30 14:36:09'),
(643, 33, 'free', 11, '2020-01-30 14:36:09', '2020-01-30 14:36:09'),
(644, 34, 'free', 11, '2020-01-30 14:36:09', '2020-01-30 14:36:09'),
(645, 35, 'free', 11, '2020-01-30 14:36:09', '2020-01-30 14:36:09'),
(646, 36, 'free', 11, '2020-01-30 14:36:09', '2020-01-30 14:36:09'),
(647, 37, 'free', 11, '2020-01-30 14:36:09', '2020-01-30 14:36:09'),
(648, 38, 'free', 11, '2020-01-30 14:36:09', '2020-01-30 14:36:09'),
(649, 39, 'free', 11, '2020-01-30 14:36:09', '2020-01-30 14:36:09'),
(650, 40, 'free', 11, '2020-01-30 14:36:09', '2020-01-30 14:36:09'),
(651, 41, 'free', 11, '2020-01-30 14:36:09', '2020-01-30 14:36:09'),
(652, 42, 'free', 11, '2020-01-30 14:36:09', '2020-01-30 14:36:09'),
(653, 43, 'free', 11, '2020-01-30 14:36:09', '2020-01-30 14:36:09'),
(654, 44, 'free', 11, '2020-01-30 14:36:09', '2020-01-30 14:36:09'),
(655, 45, 'free', 11, '2020-01-30 14:36:09', '2020-01-30 14:36:09'),
(656, 46, 'free', 11, '2020-01-30 14:36:09', '2020-01-30 14:36:09'),
(657, 47, 'free', 11, '2020-01-30 14:36:09', '2020-01-30 14:36:09'),
(658, 48, 'free', 11, '2020-01-30 14:36:09', '2020-01-30 14:36:09'),
(659, 49, 'free', 11, '2020-01-30 14:36:09', '2020-01-30 14:36:09'),
(660, 50, 'free', 11, '2020-01-30 14:36:09', '2020-01-30 14:36:09'),
(661, 51, 'free', 11, '2020-01-30 14:36:09', '2020-01-30 14:36:09'),
(662, 52, 'free', 11, '2020-01-30 14:36:09', '2020-01-30 14:36:09'),
(663, 53, 'free', 11, '2020-01-30 14:36:09', '2020-01-30 14:36:09'),
(664, 54, 'free', 11, '2020-01-30 14:36:09', '2020-01-30 14:36:09'),
(665, 55, 'free', 11, '2020-01-30 14:36:09', '2020-01-30 14:36:09'),
(666, 56, 'free', 11, '2020-01-30 14:36:09', '2020-01-30 14:36:09'),
(667, 57, 'free', 11, '2020-01-30 14:36:09', '2020-01-30 14:36:09'),
(668, 58, 'free', 11, '2020-01-30 14:36:09', '2020-01-30 14:36:09'),
(669, 59, 'free', 11, '2020-01-30 14:36:09', '2020-01-30 14:36:09'),
(670, 60, 'free', 11, '2020-01-30 14:36:09', '2020-01-30 14:36:09'),
(671, 61, 'free', 11, '2020-01-30 14:36:09', '2020-01-30 14:36:09'),
(672, 62, 'free', 11, '2020-01-30 14:36:09', '2020-01-30 14:36:09'),
(673, 63, 'free', 11, '2020-01-30 14:36:09', '2020-01-30 14:36:09'),
(674, 64, 'free', 11, '2020-01-30 14:36:09', '2020-01-30 14:36:09'),
(675, 65, 'free', 11, '2020-01-30 14:36:09', '2020-01-30 14:36:09'),
(676, 66, 'free', 11, '2020-01-30 14:36:09', '2020-01-30 14:36:09'),
(677, 67, 'free', 11, '2020-01-30 14:36:09', '2020-01-30 14:36:09'),
(678, 68, 'free', 11, '2020-01-30 14:36:09', '2020-01-30 14:36:09'),
(679, 69, 'free', 11, '2020-01-30 14:36:09', '2020-01-30 14:36:09'),
(680, 70, 'free', 11, '2020-01-30 14:36:09', '2020-01-30 14:36:09'),
(681, 71, 'free', 11, '2020-01-30 14:36:09', '2020-01-30 14:36:09'),
(682, 72, 'free', 11, '2020-01-30 14:36:09', '2020-01-30 14:36:09'),
(683, 73, 'free', 11, '2020-01-30 14:36:09', '2020-01-30 14:36:09'),
(684, 74, 'free', 11, '2020-01-30 14:36:09', '2020-01-30 14:36:09'),
(685, 75, 'free', 11, '2020-01-30 14:36:09', '2020-01-30 14:36:09'),
(686, 76, 'free', 11, '2020-01-30 14:36:09', '2020-01-30 14:36:09'),
(687, 77, 'free', 11, '2020-01-30 14:36:09', '2020-01-30 14:36:09'),
(688, 78, 'free', 11, '2020-01-30 14:36:09', '2020-01-30 14:36:09'),
(689, 79, 'free', 11, '2020-01-30 14:36:09', '2020-01-30 14:36:09'),
(690, 80, 'free', 11, '2020-01-30 14:36:09', '2020-01-30 14:36:09'),
(691, 81, 'free', 11, '2020-01-30 14:36:09', '2020-01-30 14:36:09'),
(692, 82, 'free', 11, '2020-01-30 14:36:09', '2020-01-30 14:36:09'),
(693, 83, 'free', 11, '2020-01-30 14:36:09', '2020-01-30 14:36:09'),
(694, 84, 'free', 11, '2020-01-30 14:36:09', '2020-01-30 14:36:09'),
(695, 85, 'free', 11, '2020-01-30 14:36:09', '2020-01-30 14:36:09'),
(696, 86, 'free', 11, '2020-01-30 14:36:09', '2020-01-30 14:36:09'),
(697, 87, 'free', 11, '2020-01-30 14:36:09', '2020-01-30 14:36:09'),
(698, 88, 'free', 11, '2020-01-30 14:36:09', '2020-01-30 14:36:09'),
(699, 89, 'free', 11, '2020-01-30 14:36:09', '2020-01-30 14:36:09'),
(700, 90, 'free', 11, '2020-01-30 14:36:09', '2020-01-30 14:36:09'),
(701, 91, 'free', 11, '2020-01-30 14:36:09', '2020-01-30 14:36:09'),
(702, 92, 'free', 11, '2020-01-30 14:36:09', '2020-01-30 14:36:09'),
(703, 93, 'free', 11, '2020-01-30 14:36:09', '2020-01-30 14:36:09'),
(704, 94, 'free', 11, '2020-01-30 14:36:09', '2020-01-30 14:36:09'),
(705, 95, 'free', 11, '2020-01-30 14:36:09', '2020-01-30 14:36:09'),
(706, 96, 'free', 11, '2020-01-30 14:36:09', '2020-01-30 14:36:09'),
(707, 97, 'free', 11, '2020-01-30 14:36:09', '2020-01-30 14:36:09'),
(708, 98, 'free', 11, '2020-01-30 14:36:09', '2020-01-30 14:36:09'),
(709, 99, 'free', 11, '2020-01-30 14:36:09', '2020-01-30 14:36:09'),
(710, 100, 'free', 11, '2020-01-30 14:36:09', '2020-01-30 14:36:09'),
(711, 1, 'free', 18, '2020-01-30 15:32:00', '2020-01-30 15:32:00'),
(712, 2, 'free', 18, '2020-01-30 15:32:00', '2020-01-30 15:32:00'),
(713, 3, 'free', 18, '2020-01-30 15:32:00', '2020-01-30 15:32:00'),
(714, 4, 'free', 18, '2020-01-30 15:32:00', '2020-01-30 15:32:00'),
(715, 5, 'free', 18, '2020-01-30 15:32:00', '2020-01-30 15:32:00'),
(716, 6, 'free', 18, '2020-01-30 15:32:00', '2020-01-30 15:32:00'),
(717, 7, 'free', 18, '2020-01-30 15:32:00', '2020-01-30 15:32:00'),
(718, 8, 'free', 18, '2020-01-30 15:32:00', '2020-01-30 15:32:00'),
(719, 9, 'free', 18, '2020-01-30 15:32:00', '2020-01-30 15:32:00'),
(720, 10, 'free', 18, '2020-01-30 15:32:00', '2020-01-30 15:32:00'),
(721, 11, 'free', 18, '2020-01-30 15:32:00', '2020-01-30 15:32:00'),
(722, 12, 'free', 18, '2020-01-30 15:32:00', '2020-01-30 15:32:00'),
(723, 13, 'free', 18, '2020-01-30 15:32:00', '2020-01-30 15:32:00'),
(724, 14, 'free', 18, '2020-01-30 15:32:00', '2020-01-30 15:32:00'),
(725, 15, 'free', 18, '2020-01-30 15:32:00', '2020-01-30 15:32:00'),
(726, 16, 'free', 18, '2020-01-30 15:32:00', '2020-01-30 15:32:00'),
(727, 17, 'free', 18, '2020-01-30 15:32:00', '2020-01-30 15:32:00'),
(728, 18, 'free', 18, '2020-01-30 15:32:00', '2020-01-30 15:32:00'),
(729, 19, 'free', 18, '2020-01-30 15:32:00', '2020-01-30 15:32:00'),
(730, 20, 'free', 18, '2020-01-30 15:32:00', '2020-01-30 15:32:00'),
(731, 21, 'free', 18, '2020-01-30 15:32:00', '2020-01-30 15:32:00'),
(732, 22, 'free', 18, '2020-01-30 15:32:00', '2020-01-30 15:32:00'),
(733, 23, 'free', 18, '2020-01-30 15:32:00', '2020-01-30 15:32:00'),
(734, 24, 'free', 18, '2020-01-30 15:32:00', '2020-01-30 15:32:00'),
(735, 25, 'free', 18, '2020-01-30 15:32:00', '2020-01-30 15:32:00'),
(736, 26, 'free', 18, '2020-01-30 15:32:00', '2020-01-30 15:32:00'),
(737, 27, 'free', 18, '2020-01-30 15:32:00', '2020-01-30 15:32:00'),
(738, 28, 'free', 18, '2020-01-30 15:32:00', '2020-01-30 15:32:00'),
(739, 29, 'free', 18, '2020-01-30 15:32:00', '2020-01-30 15:32:00'),
(740, 30, 'free', 18, '2020-01-30 15:32:00', '2020-01-30 15:32:00'),
(741, 31, 'free', 18, '2020-01-30 15:32:00', '2020-01-30 15:32:00'),
(742, 32, 'free', 18, '2020-01-30 15:32:00', '2020-01-30 15:32:00'),
(743, 33, 'free', 18, '2020-01-30 15:32:00', '2020-01-30 15:32:00'),
(744, 34, 'free', 18, '2020-01-30 15:32:00', '2020-01-30 15:32:00'),
(745, 35, 'free', 18, '2020-01-30 15:32:00', '2020-01-30 15:32:00'),
(746, 36, 'free', 18, '2020-01-30 15:32:00', '2020-01-30 15:32:00'),
(747, 37, 'free', 18, '2020-01-30 15:32:00', '2020-01-30 15:32:00'),
(748, 38, 'free', 18, '2020-01-30 15:32:00', '2020-01-30 15:32:00'),
(749, 39, 'free', 18, '2020-01-30 15:32:00', '2020-01-30 15:32:00'),
(750, 40, 'free', 18, '2020-01-30 15:32:00', '2020-01-30 15:32:00'),
(751, 41, 'free', 18, '2020-01-30 15:32:00', '2020-01-30 15:32:00'),
(752, 42, 'free', 18, '2020-01-30 15:32:00', '2020-01-30 15:32:00'),
(753, 43, 'free', 18, '2020-01-30 15:32:00', '2020-01-30 15:32:00'),
(754, 44, 'free', 18, '2020-01-30 15:32:00', '2020-01-30 15:32:00'),
(755, 45, 'free', 18, '2020-01-30 15:32:00', '2020-01-30 15:32:00'),
(756, 46, 'free', 18, '2020-01-30 15:32:00', '2020-01-30 15:32:00');
INSERT INTO `seats` (`id`, `seat_number`, `availability`, `classroom_id`, `created_at`, `updated_at`) VALUES
(757, 47, 'free', 18, '2020-01-30 15:32:00', '2020-01-30 15:32:00'),
(758, 48, 'free', 18, '2020-01-30 15:32:00', '2020-01-30 15:32:00'),
(759, 49, 'free', 18, '2020-01-30 15:32:00', '2020-01-30 15:32:00'),
(760, 50, 'free', 18, '2020-01-30 15:32:00', '2020-01-30 15:32:00'),
(761, 51, 'free', 18, '2020-01-30 15:32:00', '2020-01-30 15:32:00'),
(762, 52, 'free', 18, '2020-01-30 15:32:00', '2020-01-30 15:32:00'),
(763, 53, 'free', 18, '2020-01-30 15:32:00', '2020-01-30 15:32:00'),
(764, 54, 'free', 18, '2020-01-30 15:32:00', '2020-01-30 15:32:00'),
(765, 55, 'free', 18, '2020-01-30 15:32:00', '2020-01-30 15:32:00'),
(766, 56, 'free', 18, '2020-01-30 15:32:00', '2020-01-30 15:32:00'),
(767, 57, 'free', 18, '2020-01-30 15:32:00', '2020-01-30 15:32:00'),
(768, 58, 'free', 18, '2020-01-30 15:32:00', '2020-01-30 15:32:00'),
(769, 59, 'free', 18, '2020-01-30 15:32:00', '2020-01-30 15:32:00'),
(770, 60, 'free', 18, '2020-01-30 15:32:00', '2020-01-30 15:32:00'),
(771, 61, 'free', 18, '2020-01-30 15:32:00', '2020-01-30 15:32:00'),
(772, 62, 'free', 18, '2020-01-30 15:32:00', '2020-01-30 15:32:00'),
(773, 63, 'free', 18, '2020-01-30 15:32:00', '2020-01-30 15:32:00'),
(774, 64, 'free', 18, '2020-01-30 15:32:00', '2020-01-30 15:32:00'),
(775, 65, 'free', 18, '2020-01-30 15:32:00', '2020-01-30 15:32:00'),
(776, 66, 'free', 18, '2020-01-30 15:32:00', '2020-01-30 15:32:00'),
(777, 67, 'free', 18, '2020-01-30 15:32:00', '2020-01-30 15:32:00'),
(778, 68, 'free', 18, '2020-01-30 15:32:00', '2020-01-30 15:32:00'),
(779, 69, 'free', 18, '2020-01-30 15:32:00', '2020-01-30 15:32:00'),
(780, 70, 'free', 18, '2020-01-30 15:32:00', '2020-01-30 15:32:00'),
(781, 71, 'free', 18, '2020-01-30 15:32:00', '2020-01-30 15:32:00'),
(782, 72, 'free', 18, '2020-01-30 15:32:00', '2020-01-30 15:32:00'),
(783, 73, 'free', 18, '2020-01-30 15:32:00', '2020-01-30 15:32:00'),
(784, 74, 'free', 18, '2020-01-30 15:32:00', '2020-01-30 15:32:00'),
(785, 75, 'free', 18, '2020-01-30 15:32:00', '2020-01-30 15:32:00'),
(786, 76, 'free', 18, '2020-01-30 15:32:00', '2020-01-30 15:32:00'),
(787, 77, 'free', 18, '2020-01-30 15:32:00', '2020-01-30 15:32:00'),
(788, 78, 'free', 18, '2020-01-30 15:32:00', '2020-01-30 15:32:00'),
(789, 79, 'free', 18, '2020-01-30 15:32:00', '2020-01-30 15:32:00'),
(790, 80, 'free', 18, '2020-01-30 15:32:00', '2020-01-30 15:32:00'),
(791, 81, 'free', 18, '2020-01-30 15:32:00', '2020-01-30 15:32:00'),
(792, 82, 'free', 18, '2020-01-30 15:32:00', '2020-01-30 15:32:00'),
(793, 83, 'free', 18, '2020-01-30 15:32:00', '2020-01-30 15:32:00'),
(794, 84, 'free', 18, '2020-01-30 15:32:00', '2020-01-30 15:32:00'),
(795, 85, 'free', 18, '2020-01-30 15:32:00', '2020-01-30 15:32:00'),
(796, 86, 'free', 18, '2020-01-30 15:32:00', '2020-01-30 15:32:00'),
(797, 87, 'free', 18, '2020-01-30 15:32:00', '2020-01-30 15:32:00'),
(798, 88, 'free', 18, '2020-01-30 15:32:00', '2020-01-30 15:32:00'),
(799, 89, 'free', 18, '2020-01-30 15:32:00', '2020-01-30 15:32:00'),
(800, 90, 'free', 18, '2020-01-30 15:32:00', '2020-01-30 15:32:00'),
(801, 91, 'free', 18, '2020-01-30 15:32:00', '2020-01-30 15:32:00'),
(802, 92, 'free', 18, '2020-01-30 15:32:00', '2020-01-30 15:32:00'),
(803, 93, 'free', 18, '2020-01-30 15:32:00', '2020-01-30 15:32:00'),
(804, 94, 'free', 18, '2020-01-30 15:32:00', '2020-01-30 15:32:00'),
(805, 95, 'free', 18, '2020-01-30 15:32:00', '2020-01-30 15:32:00'),
(806, 96, 'free', 18, '2020-01-30 15:32:00', '2020-01-30 15:32:00'),
(807, 97, 'free', 18, '2020-01-30 15:32:00', '2020-01-30 15:32:00'),
(808, 98, 'free', 18, '2020-01-30 15:32:00', '2020-01-30 15:32:00'),
(809, 99, 'free', 18, '2020-01-30 15:32:00', '2020-01-30 15:32:00'),
(810, 100, 'free', 18, '2020-01-30 15:32:00', '2020-01-30 15:32:00'),
(811, 70, 'free', 5, '2020-01-30 16:55:21', '2020-01-30 16:55:21'),
(912, 1, 'free', 20, '2020-01-31 18:15:43', '2020-01-31 18:15:43'),
(913, 2, 'free', 20, '2020-01-31 18:15:43', '2020-01-31 18:15:43'),
(914, 3, 'free', 20, '2020-01-31 18:15:43', '2020-01-31 18:15:43'),
(915, 4, 'free', 20, '2020-01-31 18:15:43', '2020-01-31 18:15:43'),
(916, 5, 'free', 20, '2020-01-31 18:15:43', '2020-01-31 18:15:43'),
(917, 6, 'free', 20, '2020-01-31 18:15:43', '2020-01-31 18:15:43'),
(918, 7, 'free', 20, '2020-01-31 18:15:43', '2020-01-31 18:15:43'),
(919, 8, 'free', 20, '2020-01-31 18:15:43', '2020-01-31 18:15:43'),
(920, 9, 'free', 20, '2020-01-31 18:15:43', '2020-01-31 18:15:43'),
(921, 10, 'free', 20, '2020-01-31 18:15:43', '2020-01-31 18:15:43'),
(922, 11, 'free', 20, '2020-01-31 18:15:43', '2020-01-31 18:15:43'),
(923, 12, 'free', 20, '2020-01-31 18:15:43', '2020-01-31 18:15:43'),
(924, 13, 'free', 20, '2020-01-31 18:15:43', '2020-01-31 18:15:43'),
(925, 14, 'free', 20, '2020-01-31 18:15:43', '2020-01-31 18:15:43'),
(926, 15, 'free', 20, '2020-01-31 18:15:43', '2020-01-31 18:15:43'),
(927, 16, 'free', 20, '2020-01-31 18:15:43', '2020-01-31 18:15:43'),
(928, 17, 'free', 20, '2020-01-31 18:15:43', '2020-01-31 18:15:43'),
(929, 18, 'free', 20, '2020-01-31 18:15:43', '2020-01-31 18:15:43'),
(930, 19, 'free', 20, '2020-01-31 18:15:43', '2020-01-31 18:15:43'),
(931, 20, 'free', 20, '2020-01-31 18:15:43', '2020-01-31 18:15:43'),
(932, 21, 'free', 20, '2020-01-31 18:15:43', '2020-01-31 18:15:43'),
(933, 22, 'free', 20, '2020-01-31 18:15:43', '2020-01-31 18:15:43'),
(934, 23, 'free', 20, '2020-01-31 18:15:43', '2020-01-31 18:15:43'),
(935, 24, 'free', 20, '2020-01-31 18:15:43', '2020-01-31 18:15:43'),
(936, 25, 'free', 20, '2020-01-31 18:15:43', '2020-01-31 18:15:43'),
(937, 26, 'free', 20, '2020-01-31 18:15:43', '2020-01-31 18:15:43'),
(938, 27, 'free', 20, '2020-01-31 18:15:43', '2020-01-31 18:15:43'),
(939, 28, 'free', 20, '2020-01-31 18:15:43', '2020-01-31 18:15:43'),
(940, 29, 'free', 20, '2020-01-31 18:15:43', '2020-01-31 18:15:43'),
(941, 30, 'free', 20, '2020-01-31 18:15:43', '2020-01-31 18:15:43'),
(942, 31, 'free', 20, '2020-01-31 18:15:43', '2020-01-31 18:15:43'),
(943, 32, 'free', 20, '2020-01-31 18:15:43', '2020-01-31 18:15:43'),
(944, 33, 'free', 20, '2020-01-31 18:15:43', '2020-01-31 18:15:43'),
(945, 34, 'free', 20, '2020-01-31 18:15:43', '2020-01-31 18:15:43'),
(946, 35, 'free', 20, '2020-01-31 18:15:43', '2020-01-31 18:15:43'),
(947, 36, 'free', 20, '2020-01-31 18:15:43', '2020-01-31 18:15:43'),
(948, 37, 'free', 20, '2020-01-31 18:15:43', '2020-01-31 18:15:43'),
(949, 38, 'free', 20, '2020-01-31 18:15:43', '2020-01-31 18:15:43'),
(950, 39, 'free', 20, '2020-01-31 18:15:43', '2020-01-31 18:15:43'),
(951, 40, 'free', 20, '2020-01-31 18:15:43', '2020-01-31 18:15:43'),
(952, 41, 'free', 20, '2020-01-31 18:15:43', '2020-01-31 18:15:43'),
(953, 42, 'free', 20, '2020-01-31 18:15:43', '2020-01-31 18:15:43'),
(954, 43, 'free', 20, '2020-01-31 18:15:43', '2020-01-31 18:15:43'),
(955, 44, 'free', 20, '2020-01-31 18:15:43', '2020-01-31 18:15:43'),
(956, 45, 'free', 20, '2020-01-31 18:15:43', '2020-01-31 18:15:43'),
(957, 46, 'free', 20, '2020-01-31 18:15:43', '2020-01-31 18:15:43'),
(958, 47, 'free', 20, '2020-01-31 18:15:43', '2020-01-31 18:15:43'),
(959, 48, 'free', 20, '2020-01-31 18:15:43', '2020-01-31 18:15:43'),
(960, 49, 'free', 20, '2020-01-31 18:15:43', '2020-01-31 18:15:43'),
(961, 50, 'free', 20, '2020-01-31 18:15:43', '2020-01-31 18:15:43'),
(962, 51, 'free', 20, '2020-01-31 18:15:43', '2020-01-31 18:15:43'),
(963, 52, 'free', 20, '2020-01-31 18:15:43', '2020-01-31 18:15:43'),
(964, 53, 'free', 20, '2020-01-31 18:15:43', '2020-01-31 18:15:43'),
(965, 54, 'free', 20, '2020-01-31 18:15:43', '2020-01-31 18:15:43'),
(966, 55, 'free', 20, '2020-01-31 18:15:43', '2020-01-31 18:15:43'),
(967, 56, 'free', 20, '2020-01-31 18:15:43', '2020-01-31 18:15:43'),
(968, 57, 'free', 20, '2020-01-31 18:15:43', '2020-01-31 18:15:43'),
(969, 58, 'free', 20, '2020-01-31 18:15:43', '2020-01-31 18:15:43'),
(970, 59, 'free', 20, '2020-01-31 18:15:43', '2020-01-31 18:15:43'),
(971, 60, 'free', 20, '2020-01-31 18:15:43', '2020-01-31 18:15:43'),
(972, 61, 'free', 20, '2020-01-31 18:15:43', '2020-01-31 18:15:43'),
(973, 62, 'free', 20, '2020-01-31 18:15:44', '2020-01-31 18:15:44'),
(974, 63, 'free', 20, '2020-01-31 18:15:44', '2020-01-31 18:15:44'),
(975, 64, 'free', 20, '2020-01-31 18:15:44', '2020-01-31 18:15:44'),
(976, 65, 'free', 20, '2020-01-31 18:15:44', '2020-01-31 18:15:44'),
(977, 66, 'free', 20, '2020-01-31 18:15:44', '2020-01-31 18:15:44'),
(978, 67, 'free', 20, '2020-01-31 18:15:44', '2020-01-31 18:15:44'),
(979, 68, 'free', 20, '2020-01-31 18:15:44', '2020-01-31 18:15:44'),
(980, 69, 'free', 20, '2020-01-31 18:15:44', '2020-01-31 18:15:44'),
(981, 70, 'free', 20, '2020-01-31 18:15:44', '2020-01-31 18:15:44'),
(982, 71, 'free', 20, '2020-01-31 18:15:44', '2020-01-31 18:15:44'),
(983, 72, 'free', 20, '2020-01-31 18:15:44', '2020-01-31 18:15:44'),
(984, 73, 'free', 20, '2020-01-31 18:15:44', '2020-01-31 18:15:44'),
(985, 74, 'free', 20, '2020-01-31 18:15:44', '2020-01-31 18:15:44'),
(986, 75, 'free', 20, '2020-01-31 18:15:44', '2020-01-31 18:15:44'),
(987, 76, 'free', 20, '2020-01-31 18:15:44', '2020-01-31 18:15:44'),
(988, 77, 'free', 20, '2020-01-31 18:15:44', '2020-01-31 18:15:44'),
(989, 78, 'free', 20, '2020-01-31 18:15:44', '2020-01-31 18:15:44'),
(990, 79, 'free', 20, '2020-01-31 18:15:44', '2020-01-31 18:15:44'),
(991, 80, 'free', 20, '2020-01-31 18:15:44', '2020-01-31 18:15:44'),
(992, 81, 'free', 20, '2020-01-31 18:15:44', '2020-01-31 18:15:44'),
(993, 82, 'free', 20, '2020-01-31 18:15:44', '2020-01-31 18:15:44'),
(994, 83, 'free', 20, '2020-01-31 18:15:44', '2020-01-31 18:15:44'),
(995, 84, 'free', 20, '2020-01-31 18:15:44', '2020-01-31 18:15:44'),
(996, 85, 'free', 20, '2020-01-31 18:15:44', '2020-01-31 18:15:44'),
(997, 86, 'free', 20, '2020-01-31 18:15:44', '2020-01-31 18:15:44'),
(998, 87, 'free', 20, '2020-01-31 18:15:44', '2020-01-31 18:15:44'),
(999, 88, 'free', 20, '2020-01-31 18:15:44', '2020-01-31 18:15:44'),
(1000, 89, 'free', 20, '2020-01-31 18:15:44', '2020-01-31 18:15:44'),
(1001, 90, 'free', 20, '2020-01-31 18:15:44', '2020-01-31 18:15:44'),
(1002, 91, 'free', 20, '2020-01-31 18:15:44', '2020-01-31 18:15:44'),
(1003, 92, 'free', 20, '2020-01-31 18:15:44', '2020-01-31 18:15:44'),
(1004, 93, 'free', 20, '2020-01-31 18:15:44', '2020-01-31 18:15:44'),
(1005, 94, 'free', 20, '2020-01-31 18:15:44', '2020-01-31 18:15:44'),
(1006, 95, 'free', 20, '2020-01-31 18:15:44', '2020-01-31 18:15:44'),
(1007, 96, 'free', 20, '2020-01-31 18:15:44', '2020-01-31 18:15:44'),
(1008, 97, 'free', 20, '2020-01-31 18:15:44', '2020-01-31 18:15:44'),
(1009, 98, 'free', 20, '2020-01-31 18:15:44', '2020-01-31 18:15:44'),
(1010, 99, 'free', 20, '2020-01-31 18:15:44', '2020-01-31 18:15:44'),
(1011, 100, 'free', 20, '2020-01-31 18:15:44', '2020-01-31 18:15:44');

-- --------------------------------------------------------

--
-- Struttura della tabella `seat_reservations`
--

DROP TABLE IF EXISTS `seat_reservations`;
CREATE TABLE IF NOT EXISTS `seat_reservations` (
  `id` bigint(20) UNSIGNED NOT NULL AUTO_INCREMENT,
  `start_date` datetime NOT NULL,
  `end_date` datetime NOT NULL,
  `seat_id` bigint(20) UNSIGNED NOT NULL,
  `user_id` bigint(20) UNSIGNED NOT NULL,
  `created_at` timestamp NULL DEFAULT NULL,
  `updated_at` timestamp NULL DEFAULT NULL,
  PRIMARY KEY (`id`),
  KEY `seat_reservations_seat_id_foreign` (`seat_id`),
  KEY `seat_reservations_user_id_foreign` (`user_id`)
) ENGINE=InnoDB DEFAULT CHARSET=utf8mb4 COLLATE=utf8mb4_unicode_ci;

-- --------------------------------------------------------

--
-- Struttura della tabella `tokens`
--

DROP TABLE IF EXISTS `tokens`;
CREATE TABLE IF NOT EXISTS `tokens` (
  `id` bigint(20) UNSIGNED NOT NULL AUTO_INCREMENT,
  `code` varchar(300) COLLATE utf8mb4_unicode_ci NOT NULL,
  `classroom_id` bigint(20) UNSIGNED DEFAULT NULL,
  `validity` tinyint(1) NOT NULL DEFAULT '0',
  `created_at` timestamp NULL DEFAULT NULL,
  `updated_at` timestamp NULL DEFAULT NULL,
  PRIMARY KEY (`id`),
  UNIQUE KEY `tokens_code_unique` (`code`),
  KEY `tokens_classroom_id_foreign` (`classroom_id`)
) ENGINE=InnoDB AUTO_INCREMENT=17 DEFAULT CHARSET=utf8mb4 COLLATE=utf8mb4_unicode_ci;

--
-- Dump dei dati per la tabella `tokens`
--

INSERT INTO `tokens` (`id`, `code`, `classroom_id`, `validity`, `created_at`, `updated_at`) VALUES
(3, 'rafhajfaslkfhqe', 3, 0, '2020-01-30 14:30:11', '2020-01-30 19:37:20'),
(4, 'e8ccca5c6292317', 4, 0, '2020-01-30 14:30:30', '2020-01-30 14:30:30'),
(5, 'fa5abe2c6edd4af', 5, 0, '2020-01-30 14:32:37', '2020-01-30 14:32:37'),
(6, 'ba034e662c80037', 6, 0, '2020-01-30 14:33:04', '2020-01-30 14:33:04'),
(7, 'ec9b319914759a2', 7, 0, '2020-01-30 14:33:43', '2020-01-30 14:33:43'),
(8, '81f5cd3aa03c838', 8, 0, '2020-01-30 14:35:05', '2020-01-31 16:53:41'),
(9, 'c894da133258391', 9, 0, '2020-01-30 14:35:25', '2020-01-31 18:32:16'),
(10, 'dc5dc89f5801fa6', 10, 0, '2020-01-30 14:35:41', '2020-01-30 14:35:41'),
(11, '5d638205d5f0e0e', 11, 0, '2020-01-30 14:36:09', '2020-01-30 14:36:09'),
(12, 'acdec393d3b71ef', 18, 0, '2020-01-30 15:32:00', '2020-01-30 15:32:00'),
(13, '192737723cc20f2', 1, 0, '2020-01-30 19:31:53', '2020-01-31 13:09:55'),
(14, '9f15f909a3c73ba', 2, 0, '2020-01-30 19:44:58', '2020-01-30 19:45:05'),
(16, '55b298b5031f6a8', 20, 0, '2020-01-31 18:15:44', '2020-01-31 18:15:44');

-- --------------------------------------------------------

--
-- Struttura della tabella `users`
--

DROP TABLE IF EXISTS `users`;
CREATE TABLE IF NOT EXISTS `users` (
  `id` bigint(20) UNSIGNED NOT NULL AUTO_INCREMENT,
  `password` varchar(250) COLLATE utf8mb4_unicode_ci NOT NULL,
  `email` varchar(50) COLLATE utf8mb4_unicode_ci NOT NULL,
  `course` varchar(100) COLLATE utf8mb4_unicode_ci NOT NULL,
  `matriculation_number` bigint(20) NOT NULL,
  `type` enum('student','teacher','admin','operator') COLLATE utf8mb4_unicode_ci NOT NULL,
  `birthdate` date NOT NULL,
  `name` varchar(30) COLLATE utf8mb4_unicode_ci NOT NULL,
  `surname` varchar(30) COLLATE utf8mb4_unicode_ci NOT NULL,
  `identification_number` varchar(50) COLLATE utf8mb4_unicode_ci NOT NULL,
  `created_at` timestamp NULL DEFAULT NULL,
  `updated_at` timestamp NULL DEFAULT NULL,
  PRIMARY KEY (`id`),
  UNIQUE KEY `users_email_unique` (`email`),
  UNIQUE KEY `users_matriculation_number_unique` (`matriculation_number`),
  UNIQUE KEY `users_identification_number_unique` (`identification_number`)
) ENGINE=InnoDB AUTO_INCREMENT=5 DEFAULT CHARSET=utf8mb4 COLLATE=utf8mb4_unicode_ci;

--
-- Dump dei dati per la tabella `users`
--

INSERT INTO `users` (`id`, `password`, `email`, `course`, `matriculation_number`, `type`, `birthdate`, `name`, `surname`, `identification_number`, `created_at`, `updated_at`) VALUES
(1, '$2y$10$p74sFaq05mEmh14qLkC7GeLWJA8SXQodVTTSdM2N9A3RCGqj.iDcK', 'giacomo.sfratato@gmail.com', 'Informatica', 247318, 'admin', '1997-09-20', 'Giacomo', 'Sfratato', 'AP240934', '2020-01-28 10:47:17', '2020-01-28 10:47:17'),
(4, '$2y$10$8TChD4Fj8/DPHW0NqVEeeOnmE.bvzuldFqKMmOAwpiV7HJuftOfDW', 'bryant.sarabia@gmail.com', 'Informatica', 258646, 'admin', '1998-01-14', 'Bryant', 'Sarabia', 'AP983479', '2020-01-31 19:05:32', '2020-01-31 19:05:32');

--
-- Limiti per le tabelle scaricate
--

--
-- Limiti per la tabella `attendances`
--
ALTER TABLE `attendances`
  ADD CONSTRAINT `attendances_classroom_id_foreign` FOREIGN KEY (`classroom_id`) REFERENCES `classrooms` (`id`) ON DELETE CASCADE,
  ADD CONSTRAINT `attendances_user_id_foreign` FOREIGN KEY (`user_id`) REFERENCES `users` (`id`) ON DELETE CASCADE;

--
-- Limiti per la tabella `classrooms`
--
ALTER TABLE `classrooms`
  ADD CONSTRAINT `classrooms_building_id_foreign` FOREIGN KEY (`building_id`) REFERENCES `buildings` (`id`) ON DELETE CASCADE;

--
-- Limiti per la tabella `classroom_reservations`
--
ALTER TABLE `classroom_reservations`
  ADD CONSTRAINT `classroom_reservations_classroom_id_foreign` FOREIGN KEY (`classroom_id`) REFERENCES `classrooms` (`id`) ON DELETE CASCADE,
  ADD CONSTRAINT `classroom_reservations_user_id_foreign` FOREIGN KEY (`user_id`) REFERENCES `users` (`id`) ON DELETE CASCADE;

--
-- Limiti per la tabella `maps`
--
ALTER TABLE `maps`
  ADD CONSTRAINT `maps_building_id_foreign` FOREIGN KEY (`building_id`) REFERENCES `buildings` (`id`) ON DELETE CASCADE;

--
-- Limiti per la tabella `seats`
--
ALTER TABLE `seats`
  ADD CONSTRAINT `seats_classroom_id_foreign` FOREIGN KEY (`classroom_id`) REFERENCES `classrooms` (`id`) ON DELETE CASCADE;

--
-- Limiti per la tabella `seat_reservations`
--
ALTER TABLE `seat_reservations`
  ADD CONSTRAINT `seat_reservations_seat_id_foreign` FOREIGN KEY (`seat_id`) REFERENCES `seats` (`id`) ON DELETE CASCADE,
  ADD CONSTRAINT `seat_reservations_user_id_foreign` FOREIGN KEY (`user_id`) REFERENCES `users` (`id`) ON DELETE CASCADE;

--
-- Limiti per la tabella `tokens`
--
ALTER TABLE `tokens`
  ADD CONSTRAINT `tokens_classroom_id_foreign` FOREIGN KEY (`classroom_id`) REFERENCES `classrooms` (`id`) ON DELETE CASCADE;
COMMIT;

/*!40101 SET CHARACTER_SET_CLIENT=@OLD_CHARACTER_SET_CLIENT */;
/*!40101 SET CHARACTER_SET_RESULTS=@OLD_CHARACTER_SET_RESULTS */;
/*!40101 SET COLLATION_CONNECTION=@OLD_COLLATION_CONNECTION */;
